[DEBUG] currentData count: 2074
[DEBUG] currentDataById size: 3618, stocksSource length: 2074
[DEBUG] NIFTY CAPITAL MARKETS match: Multi Commodity Exchange of India Limited, Price: 2390, S: 133.27, R: 143.56
[DEBUG] NIFTY CAPITAL MARKETS match: BSE Limited, Price: 2684.5, S: 24205, R: 25670
[DEBUG] NIFTY CAPITAL MARKETS match: Central Depository Services (India) Limited, Price: 1121, S: 486.2, R: 584.75
[DEBUG] NIFTY CAPITAL MARKETS match: Angel One Limited, Price: 228.7, S: 1134.9, R: 1188.2
[DEBUG] NIFTY CAPITAL MARKETS match: Computer Age Management Services Limited, Price: 626.15, S: 413.05, R: 438.9
[DEBUG] NIFTY CAPITAL MARKETS match: 360 ONE WAM LIMITED, Price: 935, S: 389.15, R: 419.85
[DEBUG] NIFTY CAPITAL MARKETS match: HDFC Asset Management Company Limited, Price: 2211.2, S: 75.09, R: 79.78
[DEBUG] NIFTY CAPITAL MARKETS match: Kfin Technologies Limited, Price: 870, S: 610.1, R: 629.7
[DEBUG] NIFTY CAPITAL MARKETS match: Indian Energy Exchange Limited, Price: 115.1, S: 908.4, R: 1016.1
[DEBUG] NIFTY CAPITAL MARKETS match: Nippon Life India Asset Management Limited, Price: 799, S: 362, R: 423.4
[DEBUG] NIFTY CAPITAL MARKETS match: Anand Rathi Wealth Limited, Price: 3010.5, S: 54.7, R: 64.68
[DEBUG] NIFTY CAPITAL MARKETS match: Motilal Oswal Financial Services Limited, Price: 633.9, S: 360.1, R: 382.6
[DEBUG] NIFTY CAPITAL MARKETS match: Aditya Birla Sun Life AMC Limited, Price: 869.15, S: 1191.9, R: 1302.6
[DEBUG] NIFTY CAPITAL MARKETS match: UTI Asset Management Company Limited, Price: 940, S: 280.35, R: 304.25
[DEBUG] NIFTY CAPITAL MARKETS match: Multi Commodity Exchange of India Limited, Price: 2390, S: 133.27, R: 143.56
[DEBUG] NIFTY CAPITAL MARKETS match: BSE Limited, Price: 2684.5, S: 24205, R: 25670
[DEBUG] NIFTY CAPITAL MARKETS match: Central Depository Services (India) Limited, Price: 1121, S: 486.2, R: 584.75
[DEBUG] NIFTY CAPITAL MARKETS match: Angel One Limited, Price: 228.7, S: 1134.9, R: 1188.2
[DEBUG] NIFTY CAPITAL MARKETS match: Computer Age Management Services Limited, Price: 626.15, S: 413.05, R: 438.9
[DEBUG] NIFTY CAPITAL MARKETS match: 360 ONE WAM LIMITED, Price: 935, S: 389.15, R: 419.85
[DEBUG] NIFTY CAPITAL MARKETS match: HDFC Asset Management Company Limited, Price: 2211.2, S: 75.09, R: 79.78
[DEBUG] NIFTY CAPITAL MARKETS match: Kfin Technologies Limited, Price: 870, S: 610.1, R: 629.7
[DEBUG] NIFTY CAPITAL MARKETS match: Indian Energy Exchange Limited, Price: 115.1, S: 908.4, R: 1016.1
[DEBUG] NIFTY CAPITAL MARKETS match: Nippon Life India Asset Management Limited, Price: 799, S: 362, R: 423.4
[DEBUG] NIFTY CAPITAL MARKETS match: Anand Rathi Wealth Limited, Price: 3010.5, S: 54.7, R: 64.68
[DEBUG] NIFTY CAPITAL MARKETS match: Motilal Oswal Financial Services Limited, Price: 633.9, S: 360.1, R: 382.6
[DEBUG] NIFTY CAPITAL MARKETS match: Aditya Birla Sun Life AMC Limited, Price: 869.15, S: 1191.9, R: 1302.6
[DEBUG] NIFTY CAPITAL MARKETS match: UTI Asset Management Company Limited, Price: 940, S: 280.35, R: 304.25
[DEBUG] NIFTY CAPITAL MARKETS match: Multi Commodity Exchange of India Limited, Price: 2390, S: 133.27, R: 143.56
[DEBUG] NIFTY CAPITAL MARKETS match: BSE Limited, Price: 2684.5, S: 24205, R: 25670
[DEBUG] NIFTY CAPITAL MARKETS match: Central Depository Services (India) Limited, Price: 1121, S: 486.2, R: 584.75
[DEBUG] NIFTY CAPITAL MARKETS match: Angel One Limited, Price: 228.7, S: 1134.9, R: 1188.2
[DEBUG] NIFTY CAPITAL MARKETS match: Computer Age Management Services Limited, Price: 626.15, S: 413.05, R: 438.9
[DEBUG] NIFTY CAPITAL MARKETS match: 360 ONE WAM LIMITED, Price: 935, S: 389.15, R: 419.85
[DEBUG] NIFTY CAPITAL MARKETS match: HDFC Asset Management Company Limited, Price: 2211.2, S: 75.09, R: 79.78
[DEBUG] NIFTY CAPITAL MARKETS match: Kfin Technologies Limited, Price: 870, S: 610.1, R: 629.7
[DEBUG] NIFTY CAPITAL MARKETS match: Indian Energy Exchange Limited, Price: 115.1, S: 908.4, R: 1016.1
[DEBUG] NIFTY CAPITAL MARKETS match: Nippon Life India Asset Management Limited, Price: 799, S: 362, R: 423.4
[DEBUG] NIFTY CAPITAL MARKETS match: Anand Rathi Wealth Limited, Price: 3010.5, S: 54.7, R: 64.68
[DEBUG] NIFTY CAPITAL MARKETS match: Motilal Oswal Financial Services Limited, Price: 633.9, S: 360.1, R: 382.6
[DEBUG] NIFTY CAPITAL MARKETS match: Aditya Birla Sun Life AMC Limited, Price: 869.15, S: 1191.9, R: 1302.6
[DEBUG] NIFTY CAPITAL MARKETS match: UTI Asset Management Company Limited, Price: 940, S: 280.35, R: 304.25
[DEBUG] NIFTY CAPITAL MARKETS match: Multi Commodity Exchange of India Limited, Price: 2390, S: 133.27, R: 143.56
[DEBUG] NIFTY CAPITAL MARKETS match: BSE Limited, Price: 2684.5, S: 24205, R: 25670
[DEBUG] NIFTY CAPITAL MARKETS match: Central Depository Services (India) Limited, Price: 1121, S: 486.2, R: 584.75
[DEBUG] NIFTY CAPITAL MARKETS match: Angel One Limited, Price: 228.7, S: 1134.9, R: 1188.2
[DEBUG] NIFTY CAPITAL MARKETS match: Computer Age Management Services Limited, Price: 626.15, S: 413.05, R: 438.9
[DEBUG] NIFTY CAPITAL MARKETS match: 360 ONE WAM LIMITED, Price: 935, S: 389.15, R: 419.85
[DEBUG] NIFTY CAPITAL MARKETS match: HDFC Asset Management Company Limited, Price: 2211.2, S: 75.09, R: 79.78
[DEBUG] NIFTY CAPITAL MARKETS match: Kfin Technologies Limited, Price: 870, S: 610.1, R: 629.7
[DEBUG] NIFTY CAPITAL MARKETS match: Indian Energy Exchange Limited, Price: 115.1, S: 908.4, R: 1016.1
[DEBUG] NIFTY CAPITAL MARKETS match: Nippon Life India Asset Management Limited, Price: 799, S: 362, R: 423.4
[DEBUG] NIFTY CAPITAL MARKETS match: Anand Rathi Wealth Limited, Price: 3010.5, S: 54.7, R: 64.68
[DEBUG] NIFTY CAPITAL MARKETS match: Motilal Oswal Financial Services Limited, Price: 633.9, S: 360.1, R: 382.6
[DEBUG] NIFTY CAPITAL MARKETS match: Aditya Birla Sun Life AMC Limited, Price: 869.15, S: 1191.9, R: 1302.6
[DEBUG] NIFTY CAPITAL MARKETS match: UTI Asset Management Company Limited, Price: 940, S: 280.35, R: 304.25
[DEBUG] NIFTY CAPITAL MARKETS match: Multi Commodity Exchange of India Limited, Price: 2390, S: 133.27, R: 143.56
[DEBUG] NIFTY CAPITAL MARKETS match: BSE Limited, Price: 2684.5, S: 24205, R: 25670
[DEBUG] NIFTY CAPITAL MARKETS match: Central Depository Services (India) Limited, Price: 1121, S: 486.2, R: 584.75
[DEBUG] NIFTY CAPITAL MARKETS match: Angel One Limited, Price: 228.7, S: 1134.9, R: 1188.2
[DEBUG] NIFTY CAPITAL MARKETS match: Computer Age Management Services Limited, Price: 626.15, S: 413.05, R: 438.9
[DEBUG] NIFTY CAPITAL MARKETS match: 360 ONE WAM LIMITED, Price: 935, S: 389.15, R: 419.85
[DEBUG] NIFTY CAPITAL MARKETS match: HDFC Asset Management Company Limited, Price: 2211.2, S: 75.09, R: 79.78
[DEBUG] NIFTY CAPITAL MARKETS match: Kfin Technologies Limited, Price: 870, S: 610.1, R: 629.7
[DEBUG] NIFTY CAPITAL MARKETS match: Indian Energy Exchange Limited, Price: 115.1, S: 908.4, R: 1016.1
[DEBUG] NIFTY CAPITAL MARKETS match: Nippon Life India Asset Management Limited, Price: 799, S: 362, R: 423.4
[DEBUG] NIFTY CAPITAL MARKETS match: Anand Rathi Wealth Limited, Price: 3010.5, S: 54.7, R: 64.68
[DEBUG] NIFTY CAPITAL MARKETS match: Motilal Oswal Financial Services Limited, Price: 633.9, S: 360.1, R: 382.6
[DEBUG] NIFTY CAPITAL MARKETS match: Aditya Birla Sun Life AMC Limited, Price: 869.15, S: 1191.9, R: 1302.6
[DEBUG] NIFTY CAPITAL MARKETS match: UTI Asset Management Company Limited, Price: 940, S: 280.35, R: 304.25
[DEBUG] NIFTY CAPITAL MARKETS match: Multi Commodity Exchange of India Limited, Price: 2390, S: 133.27, R: 143.56
[DEBUG] NIFTY CAPITAL MARKETS match: BSE Limited, Price: 2684.5, S: 24205, R: 25670
[DEBUG] NIFTY CAPITAL MARKETS match: Central Depository Services (India) Limited, Price: 1121, S: 486.2, R: 584.75
[DEBUG] NIFTY CAPITAL MARKETS match: Angel One Limited, Price: 228.7, S: 1134.9, R: 1188.2
[DEBUG] NIFTY CAPITAL MARKETS match: Computer Age Management Services Limited, Price: 626.15, S: 413.05, R: 438.9
[DEBUG] NIFTY CAPITAL MARKETS match: 360 ONE WAM LIMITED, Price: 935, S: 389.15, R: 419.85
[DEBUG] NIFTY CAPITAL MARKETS match: HDFC Asset Management Company Limited, Price: 2211.2, S: 75.09, R: 79.78
[DEBUG] NIFTY CAPITAL MARKETS match: Kfin Technologies Limited, Price: 870, S: 610.1, R: 629.7
[DEBUG] NIFTY CAPITAL MARKETS match: Indian Energy Exchange Limited, Price: 115.1, S: 908.4, R: 1016.1
[DEBUG] NIFTY CAPITAL MARKETS match: Nippon Life India Asset Management Limited, Price: 799, S: 362, R: 423.4
[DEBUG] NIFTY CAPITAL MARKETS match: Anand Rathi Wealth Limited, Price: 3010.5, S: 54.7, R: 64.68
[DEBUG] NIFTY CAPITAL MARKETS match: Motilal Oswal Financial Services Limited, Price: 633.9, S: 360.1, R: 382.6
[DEBUG] NIFTY CAPITAL MARKETS match: Aditya Birla Sun Life AMC Limited, Price: 869.15, S: 1191.9, R: 1302.6
[DEBUG] NIFTY CAPITAL MARKETS match: UTI Asset Management Company Limited, Price: 940, S: 280.35, R: 304.25
[DEBUG] NIFTY CAPITAL MARKETS match: Multi Commodity Exchange of India Limited, Price: 2390, S: 133.27, R: 143.56
[DEBUG] NIFTY CAPITAL MARKETS match: BSE Limited, Price: 2684.5, S: 24205, R: 25670
[DEBUG] NIFTY CAPITAL MARKETS match: Central Depository Services (India) Limited, Price: 1121, S: 486.2, R: 584.75
[DEBUG] NIFTY CAPITAL MARKETS match: Angel One Limited, Price: 228.7, S: 1134.9, R: 1188.2
[DEBUG] NIFTY CAPITAL MARKETS match: Computer Age Management Services Limited, Price: 626.15, S: 413.05, R: 438.9
[DEBUG] NIFTY CAPITAL MARKETS match: 360 ONE WAM LIMITED, Price: 935, S: 389.15, R: 419.85
[DEBUG] NIFTY CAPITAL MARKETS match: HDFC Asset Management Company Limited, Price: 2211.2, S: 75.09, R: 79.78
[DEBUG] NIFTY CAPITAL MARKETS match: Kfin Technologies Limited, Price: 870, S: 610.1, R: 629.7
[DEBUG] NIFTY CAPITAL MARKETS match: Indian Energy Exchange Limited, Price: 115.1, S: 908.4, R: 1016.1
[DEBUG] NIFTY CAPITAL MARKETS match: Nippon Life India Asset Management Limited, Price: 799, S: 362, R: 423.4
[DEBUG] NIFTY CAPITAL MARKETS match: Anand Rathi Wealth Limited, Price: 3010.5, S: 54.7, R: 64.68
[DEBUG] NIFTY CAPITAL MARKETS match: Motilal Oswal Financial Services Limited, Price: 633.9, S: 360.1, R: 382.6
[DEBUG] NIFTY CAPITAL MARKETS match: Aditya Birla Sun Life AMC Limited, Price: 869.15, S: 1191.9, R: 1302.6
[DEBUG] NIFTY CAPITAL MARKETS match: UTI Asset Management Company Limited, Price: 940, S: 280.35, R: 304.25
[DEBUG] NIFTY CAPITAL MARKETS match: Multi Commodity Exchange of India Limited, Price: 2390, S: 133.27, R: 143.56
[DEBUG] NIFTY CAPITAL MARKETS match: BSE Limited, Price: 2684.5, S: 24205, R: 25670
[DEBUG] NIFTY CAPITAL MARKETS match: Central Depository Services (India) Limited, Price: 1121, S: 486.2, R: 584.75
[DEBUG] NIFTY CAPITAL MARKETS match: Angel One Limited, Price: 228.7, S: 1134.9, R: 1188.2
[DEBUG] NIFTY CAPITAL MARKETS match: Computer Age Management Services Limited, Price: 626.15, S: 413.05, R: 438.9
[DEBUG] NIFTY CAPITAL MARKETS match: 360 ONE WAM LIMITED, Price: 935, S: 389.15, R: 419.85
[DEBUG] NIFTY CAPITAL MARKETS match: HDFC Asset Management Company Limited, Price: 2211.2, S: 75.09, R: 79.78
[DEBUG] NIFTY CAPITAL MARKETS match: Kfin Technologies Limited, Price: 870, S: 610.1, R: 629.7
[DEBUG] NIFTY CAPITAL MARKETS match: Indian Energy Exchange Limited, Price: 115.1, S: 908.4, R: 1016.1
[DEBUG] NIFTY CAPITAL MARKETS match: Nippon Life India Asset Management Limited, Price: 799, S: 362, R: 423.4
[DEBUG] NIFTY CAPITAL MARKETS match: Anand Rathi Wealth Limited, Price: 3010.5, S: 54.7, R: 64.68
[DEBUG] NIFTY CAPITAL MARKETS match: Motilal Oswal Financial Services Limited, Price: 633.9, S: 360.1, R: 382.6
[DEBUG] NIFTY CAPITAL MARKETS match: Aditya Birla Sun Life AMC Limited, Price: 869.15, S: 1191.9, R: 1302.6
[DEBUG] NIFTY CAPITAL MARKETS match: UTI Asset Management Company Limited, Price: 940, S: 280.35, R: 304.25
[DEBUG] NIFTY CAPITAL MARKETS match: Multi Commodity Exchange of India Limited, Price: 2390, S: 13654.15, R: 14086.65
[DEBUG] NIFTY CAPITAL MARKETS match: BSE Limited, Price: 2684.5, S: 964.9, R: 1044
[DEBUG] NIFTY CAPITAL MARKETS match: Central Depository Services (India) Limited, Price: 1121, S: 2166.5, R: 2408.7
[DEBUG] NIFTY CAPITAL MARKETS match: Angel One Limited, Price: 228.7, S: 944.9, R: 1023.5
[DEBUG] NIFTY CAPITAL MARKETS match: Computer Age Management Services Limited, Price: 626.15, S: 877.55, R: 969.45
[DEBUG] NIFTY CAPITAL MARKETS match: 360 ONE WAM LIMITED, Price: 935, S: 2209.6, R: 2391.4
[DEBUG] NIFTY CAPITAL MARKETS match: HDFC Asset Management Company Limited, Price: 2211.2, S: 12033, R: 14082
[DEBUG] NIFTY CAPITAL MARKETS match: Kfin Technologies Limited, Price: 870, S: 532.1, R: 578.65
[DEBUG] NIFTY CAPITAL MARKETS match: Indian Energy Exchange Limited, Price: 115.1, S: 221.75, R: 264.35
[DEBUG] NIFTY CAPITAL MARKETS match: Nippon Life India Asset Management Limited, Price: 799, S: 3315.9, R: 3736.2
[DEBUG] NIFTY CAPITAL MARKETS match: Anand Rathi Wealth Limited, Price: 3010.5, S: 196.15, R: 214.9
[DEBUG] NIFTY CAPITAL MARKETS match: Motilal Oswal Financial Services Limited, Price: 633.9, S: 449.15, R: 493.45
[DEBUG] NIFTY CAPITAL MARKETS match: Aditya Birla Sun Life AMC Limited, Price: 869.15, S: 427.5, R: 488.85
[DEBUG] NIFTY CAPITAL MARKETS match: UTI Asset Management Company Limited, Price: 940, S: 1391, R: 1528.6
[DEBUG] NIFTY CAPITAL MARKETS match: Multi Commodity Exchange of India Limited, Price: 2390, S: 2314.4, R: 2671.8
[DEBUG] NIFTY CAPITAL MARKETS match: BSE Limited, Price: 2684.5, S: 2685, R: 2995.6
[DEBUG] NIFTY CAPITAL MARKETS match: Central Depository Services (India) Limited, Price: 1121, S: 1121, R: 1233.6
[DEBUG] NIFTY CAPITAL MARKETS match: Angel One Limited, Price: 228.7, S: 216.63, R: 241.67
[DEBUG] NIFTY CAPITAL MARKETS match: Computer Age Management Services Limited, Price: 626.15, S: 622.45, R: 658.15
[DEBUG] NIFTY CAPITAL MARKETS match: 360 ONE WAM LIMITED, Price: 935, S: 939.5, R: 1069.8
[DEBUG] NIFTY CAPITAL MARKETS match: HDFC Asset Management Company Limited, Price: 2211.2, S: 2211.2, R: 2468.9
[DEBUG] NIFTY CAPITAL MARKETS match: Kfin Technologies Limited, Price: 870, S: 869.95, R: 943.8
[DEBUG] NIFTY CAPITAL MARKETS match: Indian Energy Exchange Limited, Price: 115.1, S: 114.88, R: 123.06
[DEBUG] NIFTY CAPITAL MARKETS match: Nippon Life India Asset Management Limited, Price: 799, S: 800, R: 884.8
[DEBUG] NIFTY CAPITAL MARKETS match: Anand Rathi Wealth Limited, Price: 3010.5, S: 2912.4, R: 3070.7
[DEBUG] NIFTY CAPITAL MARKETS match: Motilal Oswal Financial Services Limited, Price: 633.9, S: 628.2, R: 698.3
[DEBUG] NIFTY CAPITAL MARKETS match: Aditya Birla Sun Life AMC Limited, Price: 869.15, S: 877.55, R: 969.45
[DEBUG] NIFTY CAPITAL MARKETS match: UTI Asset Management Company Limited, Price: 940, S: 906.65, R: 970.55
[DEBUG] NIFTY CAPITAL MARKETS match: Multi Commodity Exchange of India Limited, Price: 2390, S: 2314.4, R: 2671.8
[DEBUG] NIFTY CAPITAL MARKETS match: BSE Limited, Price: 2684.5, S: 2685, R: 2995.6
[DEBUG] NIFTY CAPITAL MARKETS match: Central Depository Services (India) Limited, Price: 1121, S: 1121, R: 1233.6
[DEBUG] NIFTY CAPITAL MARKETS match: Angel One Limited, Price: 228.7, S: 216.63, R: 241.67
[DEBUG] NIFTY CAPITAL MARKETS match: Computer Age Management Services Limited, Price: 626.15, S: 622.45, R: 658.15
[DEBUG] NIFTY CAPITAL MARKETS match: 360 ONE WAM LIMITED, Price: 935, S: 939.5, R: 1069.8
[DEBUG] NIFTY CAPITAL MARKETS match: HDFC Asset Management Company Limited, Price: 2211.2, S: 2211.2, R: 2468.9
[DEBUG] NIFTY CAPITAL MARKETS match: Kfin Technologies Limited, Price: 870, S: 869.95, R: 943.8
[DEBUG] NIFTY CAPITAL MARKETS match: Indian Energy Exchange Limited, Price: 115.1, S: 114.88, R: 123.06
[DEBUG] NIFTY CAPITAL MARKETS match: Nippon Life India Asset Management Limited, Price: 799, S: 800, R: 884.8
[DEBUG] NIFTY CAPITAL MARKETS match: Anand Rathi Wealth Limited, Price: 3010.5, S: 2912.4, R: 3070.7
[DEBUG] NIFTY CAPITAL MARKETS match: Motilal Oswal Financial Services Limited, Price: 633.9, S: 628.2, R: 698.3
[DEBUG] NIFTY CAPITAL MARKETS match: Aditya Birla Sun Life AMC Limited, Price: 869.15, S: 877.55, R: 969.45
[DEBUG] NIFTY CAPITAL MARKETS match: UTI Asset Management Company Limited, Price: 940, S: 906.65, R: 970.55
[DEBUG] NIFTY CAPITAL MARKETS match: Multi Commodity Exchange of India Limited, Price: 2390, S: 2314.4, R: 2671.8
[DEBUG] NIFTY CAPITAL MARKETS match: BSE Limited, Price: 2684.5, S: 2685, R: 2995.6
[DEBUG] NIFTY CAPITAL MARKETS match: Central Depository Services (India) Limited, Price: 1121, S: 1121, R: 1233.6
[DEBUG] NIFTY CAPITAL MARKETS match: Angel One Limited, Price: 228.7, S: 216.63, R: 241.67
[DEBUG] NIFTY CAPITAL MARKETS match: Computer Age Management Services Limited, Price: 626.15, S: 622.45, R: 658.15
[DEBUG] NIFTY CAPITAL MARKETS match: 360 ONE WAM LIMITED, Price: 935, S: 939.5, R: 1069.8
[DEBUG] NIFTY CAPITAL MARKETS match: HDFC Asset Management Company Limited, Price: 2211.2, S: 2211.2, R: 2468.9
[DEBUG] NIFTY CAPITAL MARKETS match: Kfin Technologies Limited, Price: 870, S: 869.95, R: 943.8
[DEBUG] NIFTY CAPITAL MARKETS match: Indian Energy Exchange Limited, Price: 115.1, S: 114.88, R: 123.06
[DEBUG] NIFTY CAPITAL MARKETS match: Nippon Life India Asset Management Limited, Price: 799, S: 800, R: 884.8
[DEBUG] NIFTY CAPITAL MARKETS match: Anand Rathi Wealth Limited, Price: 3010.5, S: 2912.4, R: 3070.7
[DEBUG] NIFTY CAPITAL MARKETS match: Motilal Oswal Financial Services Limited, Price: 633.9, S: 628.2, R: 698.3
[DEBUG] NIFTY CAPITAL MARKETS match: Aditya Birla Sun Life AMC Limited, Price: 869.15, S: 877.55, R: 969.45
[DEBUG] NIFTY CAPITAL MARKETS match: UTI Asset Management Company Limited, Price: 940, S: 906.65, R: 970.55
[DEBUG] NIFTY CAPITAL MARKETS match: Multi Commodity Exchange of India Limited, Price: 2390, S: 2314.4, R: 2671.8
[DEBUG] NIFTY CAPITAL MARKETS match: BSE Limited, Price: 2684.5, S: 2685, R: 2995.6
[DEBUG] NIFTY CAPITAL MARKETS match: Central Depository Services (India) Limited, Price: 1121, S: 1121, R: 1233.6
[DEBUG] NIFTY CAPITAL MARKETS match: Angel One Limited, Price: 228.7, S: 216.63, R: 241.67
[DEBUG] NIFTY CAPITAL MARKETS match: Computer Age Management Services Limited, Price: 626.15, S: 622.45, R: 658.15
[DEBUG] NIFTY CAPITAL MARKETS match: 360 ONE WAM LIMITED, Price: 935, S: 939.5, R: 1069.8
[DEBUG] NIFTY CAPITAL MARKETS match: HDFC Asset Management Company Limited, Price: 2211.2, S: 2211.2, R: 2468.9
[DEBUG] NIFTY CAPITAL MARKETS match: Kfin Technologies Limited, Price: 870, S: 869.95, R: 943.8
[DEBUG] NIFTY CAPITAL MARKETS match: Indian Energy Exchange Limited, Price: 115.1, S: 114.88, R: 123.06
[DEBUG] NIFTY CAPITAL MARKETS match: Nippon Life India Asset Management Limited, Price: 799, S: 800, R: 884.8
[DEBUG] NIFTY CAPITAL MARKETS match: Anand Rathi Wealth Limited, Price: 3010.5, S: 2912.4, R: 3070.7
[DEBUG] NIFTY CAPITAL MARKETS match: Motilal Oswal Financial Services Limited, Price: 633.9, S: 628.2, R: 698.3
[DEBUG] NIFTY CAPITAL MARKETS match: Aditya Birla Sun Life AMC Limited, Price: 869.15, S: 877.55, R: 969.45
[DEBUG] NIFTY CAPITAL MARKETS match: UTI Asset Management Company Limited, Price: 940, S: 906.65, R: 970.55
[DEBUG] NIFTY CAPITAL MARKETS match: Multi Commodity Exchange of India Limited, Price: 2390, S: 2314.4, R: 2671.8
[DEBUG] NIFTY CAPITAL MARKETS match: BSE Limited, Price: 2684.5, S: 2685, R: 2995.6
[DEBUG] NIFTY CAPITAL MARKETS match: Central Depository Services (India) Limited, Price: 1121, S: 1121, R: 1233.6
[DEBUG] NIFTY CAPITAL MARKETS match: Angel One Limited, Price: 228.7, S: 216.63, R: 241.67
[DEBUG] NIFTY CAPITAL MARKETS match: Computer Age Management Services Limited, Price: 626.15, S: 622.45, R: 658.15
[DEBUG] NIFTY CAPITAL MARKETS match: 360 ONE WAM LIMITED, Price: 935, S: 939.5, R: 1069.8
[DEBUG] NIFTY CAPITAL MARKETS match: HDFC Asset Management Company Limited, Price: 2211.2, S: 2211.2, R: 2468.9
[DEBUG] NIFTY CAPITAL MARKETS match: Kfin Technologies Limited, Price: 870, S: 869.95, R: 943.8
[DEBUG] NIFTY CAPITAL MARKETS match: Indian Energy Exchange Limited, Price: 115.1, S: 114.88, R: 123.06
[DEBUG] NIFTY CAPITAL MARKETS match: Nippon Life India Asset Management Limited, Price: 799, S: 800, R: 884.8
[DEBUG] NIFTY CAPITAL MARKETS match: Anand Rathi Wealth Limited, Price: 3010.5, S: 2912.4, R: 3070.7
[DEBUG] NIFTY CAPITAL MARKETS match: Motilal Oswal Financial Services Limited, Price: 633.9, S: 628.2, R: 698.3
[DEBUG] NIFTY CAPITAL MARKETS match: Aditya Birla Sun Life AMC Limited, Price: 869.15, S: 877.55, R: 969.45
[DEBUG] NIFTY CAPITAL MARKETS match: UTI Asset Management Company Limited, Price: 940, S: 906.65, R: 970.55
[DEBUG] NIFTY CAPITAL MARKETS match: Multi Commodity Exchange of India Limited, Price: 2390, S: 2314.4, R: 2671.8
[DEBUG] NIFTY CAPITAL MARKETS match: BSE Limited, Price: 2684.5, S: 2685, R: 2995.6
[DEBUG] NIFTY CAPITAL MARKETS match: Central Depository Services (India) Limited, Price: 1121, S: 1121, R: 1233.6
[DEBUG] NIFTY CAPITAL MARKETS match: Angel One Limited, Price: 228.7, S: 216.63, R: 241.67
[DEBUG] NIFTY CAPITAL MARKETS match: Computer Age Management Services Limited, Price: 626.15, S: 622.45, R: 658.15
[DEBUG] NIFTY CAPITAL MARKETS match: 360 ONE WAM LIMITED, Price: 935, S: 939.5, R: 1069.8
[DEBUG] NIFTY CAPITAL MARKETS match: HDFC Asset Management Company Limited, Price: 2211.2, S: 2211.2, R: 2468.9
[DEBUG] NIFTY CAPITAL MARKETS match: Kfin Technologies Limited, Price: 870, S: 869.95, R: 943.8
[DEBUG] NIFTY CAPITAL MARKETS match: Indian Energy Exchange Limited, Price: 115.1, S: 114.88, R: 123.06
[DEBUG] NIFTY CAPITAL MARKETS match: Nippon Life India Asset Management Limited, Price: 799, S: 800, R: 884.8
[DEBUG] NIFTY CAPITAL MARKETS match: Anand Rathi Wealth Limited, Price: 3010.5, S: 2912.4, R: 3070.7
[DEBUG] NIFTY CAPITAL MARKETS match: Motilal Oswal Financial Services Limited, Price: 633.9, S: 628.2, R: 698.3
[DEBUG] NIFTY CAPITAL MARKETS match: Aditya Birla Sun Life AMC Limited, Price: 869.15, S: 877.55, R: 969.45
[DEBUG] NIFTY CAPITAL MARKETS match: UTI Asset Management Company Limited, Price: 940, S: 906.65, R: 970.55
[DEBUG] NIFTY CAPITAL MARKETS match: Multi Commodity Exchange of India Limited, Price: 2390, S: 2314.4, R: 2671.8
[DEBUG] NIFTY CAPITAL MARKETS match: BSE Limited, Price: 2684.5, S: 2685, R: 2995.6
[DEBUG] NIFTY CAPITAL MARKETS match: Central Depository Services (India) Limited, Price: 1121, S: 1121, R: 1233.6
[DEBUG] NIFTY CAPITAL MARKETS match: Angel One Limited, Price: 228.7, S: 216.63, R: 241.67
[DEBUG] NIFTY CAPITAL MARKETS match: Computer Age Management Services Limited, Price: 626.15, S: 622.45, R: 658.15
[DEBUG] NIFTY CAPITAL MARKETS match: 360 ONE WAM LIMITED, Price: 935, S: 939.5, R: 1069.8
[DEBUG] NIFTY CAPITAL MARKETS match: HDFC Asset Management Company Limited, Price: 2211.2, S: 2211.2, R: 2468.9
[DEBUG] NIFTY CAPITAL MARKETS match: Kfin Technologies Limited, Price: 870, S: 869.95, R: 943.8
[DEBUG] NIFTY CAPITAL MARKETS match: Indian Energy Exchange Limited, Price: 115.1, S: 114.88, R: 123.06
[DEBUG] NIFTY CAPITAL MARKETS match: Nippon Life India Asset Management Limited, Price: 799, S: 800, R: 884.8
[DEBUG] NIFTY CAPITAL MARKETS match: Anand Rathi Wealth Limited, Price: 3010.5, S: 2912.4, R: 3070.7
[DEBUG] NIFTY CAPITAL MARKETS match: Motilal Oswal Financial Services Limited, Price: 633.9, S: 628.2, R: 698.3
[DEBUG] NIFTY CAPITAL MARKETS match: Aditya Birla Sun Life AMC Limited, Price: 869.15, S: 877.55, R: 969.45
[DEBUG] NIFTY CAPITAL MARKETS match: UTI Asset Management Company Limited, Price: 940, S: 906.65, R: 970.55
[DEBUG] NIFTY CAPITAL MARKETS match: Multi Commodity Exchange of India Limited, Price: 2390, S: 2314.4, R: 2671.8
[DEBUG] NIFTY CAPITAL MARKETS match: BSE Limited, Price: 2684.5, S: 2685, R: 2995.6
[DEBUG] NIFTY CAPITAL MARKETS match: Central Depository Services (India) Limited, Price: 1121, S: 1121, R: 1233.6
[DEBUG] NIFTY CAPITAL MARKETS match: Angel One Limited, Price: 228.7, S: 216.63, R: 241.67
[DEBUG] NIFTY CAPITAL MARKETS match: Computer Age Management Services Limited, Price: 626.15, S: 622.45, R: 658.15
[DEBUG] NIFTY CAPITAL MARKETS match: 360 ONE WAM LIMITED, Price: 935, S: 939.5, R: 1069.8
[DEBUG] NIFTY CAPITAL MARKETS match: HDFC Asset Management Company Limited, Price: 2211.2, S: 2211.2, R: 2468.9
[DEBUG] NIFTY CAPITAL MARKETS match: Kfin Technologies Limited, Price: 870, S: 869.95, R: 943.8
[DEBUG] NIFTY CAPITAL MARKETS match: Indian Energy Exchange Limited, Price: 115.1, S: 114.88, R: 123.06
[DEBUG] NIFTY CAPITAL MARKETS match: Nippon Life India Asset Management Limited, Price: 799, S: 800, R: 884.8
[DEBUG] NIFTY CAPITAL MARKETS match: Anand Rathi Wealth Limited, Price: 3010.5, S: 2912.4, R: 3070.7
[DEBUG] NIFTY CAPITAL MARKETS match: Motilal Oswal Financial Services Limited, Price: 633.9, S: 628.2, R: 698.3
[DEBUG] NIFTY CAPITAL MARKETS match: Aditya Birla Sun Life AMC Limited, Price: 869.15, S: 877.55, R: 969.45
[DEBUG] NIFTY CAPITAL MARKETS match: UTI Asset Management Company Limited, Price: 940, S: 906.65, R: 970.55
[DEBUG] NIFTY CAPITAL MARKETS match: Multi Commodity Exchange of India Limited, Price: 2390, S: 2314.4, R: 2671.8
[DEBUG] NIFTY CAPITAL MARKETS match: BSE Limited, Price: 2684.5, S: 2685, R: 2995.6
[DEBUG] NIFTY CAPITAL MARKETS match: Central Depository Services (India) Limited, Price: 1121, S: 1121, R: 1233.6
[DEBUG] NIFTY CAPITAL MARKETS match: Angel One Limited, Price: 228.7, S: 216.63, R: 241.67
[DEBUG] NIFTY CAPITAL MARKETS match: Computer Age Management Services Limited, Price: 626.15, S: 622.45, R: 658.15
[DEBUG] NIFTY CAPITAL MARKETS match: 360 ONE WAM LIMITED, Price: 935, S: 939.5, R: 1069.8
[DEBUG] NIFTY CAPITAL MARKETS match: HDFC Asset Management Company Limited, Price: 2211.2, S: 2211.2, R: 2468.9
[DEBUG] NIFTY CAPITAL MARKETS match: Kfin Technologies Limited, Price: 870, S: 869.95, R: 943.8
[DEBUG] NIFTY CAPITAL MARKETS match: Indian Energy Exchange Limited, Price: 115.1, S: 114.88, R: 123.06
[DEBUG] NIFTY CAPITAL MARKETS match: Nippon Life India Asset Management Limited, Price: 799, S: 800, R: 884.8
[DEBUG] NIFTY CAPITAL MARKETS match: Anand Rathi Wealth Limited, Price: 3010.5, S: 2912.4, R: 3070.7
[DEBUG] NIFTY CAPITAL MARKETS match: Motilal Oswal Financial Services Limited, Price: 633.9, S: 628.2, R: 698.3
[DEBUG] NIFTY CAPITAL MARKETS match: Aditya Birla Sun Life AMC Limited, Price: 869.15, S: 877.55, R: 969.45
[DEBUG] NIFTY CAPITAL MARKETS match: UTI Asset Management Company Limited, Price: 940, S: 906.65, R: 970.55
[DEBUG] NIFTY CAPITAL MARKETS match: Multi Commodity Exchange of India Limited, Price: 2390, S: 2314.4, R: 2671.8
[DEBUG] NIFTY CAPITAL MARKETS match: BSE Limited, Price: 2684.5, S: 2685, R: 2995.6
[DEBUG] NIFTY CAPITAL MARKETS match: Central Depository Services (India) Limited, Price: 1121, S: 1121, R: 1233.6
[DEBUG] NIFTY CAPITAL MARKETS match: Angel One Limited, Price: 228.7, S: 216.63, R: 241.67
[DEBUG] NIFTY CAPITAL MARKETS match: Computer Age Management Services Limited, Price: 626.15, S: 622.45, R: 658.15
[DEBUG] NIFTY CAPITAL MARKETS match: 360 ONE WAM LIMITED, Price: 935, S: 939.5, R: 1069.8
[DEBUG] NIFTY CAPITAL MARKETS match: HDFC Asset Management Company Limited, Price: 2211.2, S: 2211.2, R: 2468.9
[DEBUG] NIFTY CAPITAL MARKETS match: Kfin Technologies Limited, Price: 870, S: 869.95, R: 943.8
[DEBUG] NIFTY CAPITAL MARKETS match: Indian Energy Exchange Limited, Price: 115.1, S: 114.88, R: 123.06
[DEBUG] NIFTY CAPITAL MARKETS match: Nippon Life India Asset Management Limited, Price: 799, S: 800, R: 884.8
[DEBUG] NIFTY CAPITAL MARKETS match: Anand Rathi Wealth Limited, Price: 3010.5, S: 2912.4, R: 3070.7
[DEBUG] NIFTY CAPITAL MARKETS match: Motilal Oswal Financial Services Limited, Price: 633.9, S: 628.2, R: 698.3
[DEBUG] NIFTY CAPITAL MARKETS match: Aditya Birla Sun Life AMC Limited, Price: 869.15, S: 877.55, R: 969.45
[DEBUG] NIFTY CAPITAL MARKETS match: UTI Asset Management Company Limited, Price: 940, S: 906.65, R: 970.55
[DEBUG] NIFTY CAPITAL MARKETS match: Multi Commodity Exchange of India Limited, Price: 2390, S: 2314.4, R: 2671.8
[DEBUG] NIFTY CAPITAL MARKETS match: BSE Limited, Price: 2684.5, S: 2685, R: 2995.6
[DEBUG] NIFTY CAPITAL MARKETS match: Central Depository Services (India) Limited, Price: 1121, S: 1121, R: 1233.6
[DEBUG] NIFTY CAPITAL MARKETS match: Angel One Limited, Price: 228.7, S: 216.63, R: 241.67
[DEBUG] NIFTY CAPITAL MARKETS match: Computer Age Management Services Limited, Price: 626.15, S: 622.45, R: 658.15
[DEBUG] NIFTY CAPITAL MARKETS match: 360 ONE WAM LIMITED, Price: 935, S: 939.5, R: 1069.8
[DEBUG] NIFTY CAPITAL MARKETS match: HDFC Asset Management Company Limited, Price: 2211.2, S: 2211.2, R: 2468.9
[DEBUG] NIFTY CAPITAL MARKETS match: Kfin Technologies Limited, Price: 870, S: 869.95, R: 943.8
[DEBUG] NIFTY CAPITAL MARKETS match: Indian Energy Exchange Limited, Price: 115.1, S: 114.88, R: 123.06
[DEBUG] NIFTY CAPITAL MARKETS match: Nippon Life India Asset Management Limited, Price: 799, S: 800, R: 884.8
[DEBUG] NIFTY CAPITAL MARKETS match: Anand Rathi Wealth Limited, Price: 3010.5, S: 2912.4, R: 3070.7
[DEBUG] NIFTY CAPITAL MARKETS match: Motilal Oswal Financial Services Limited, Price: 633.9, S: 628.2, R: 698.3
[DEBUG] NIFTY CAPITAL MARKETS match: Aditya Birla Sun Life AMC Limited, Price: 869.15, S: 877.55, R: 969.45
[DEBUG] NIFTY CAPITAL MARKETS match: UTI Asset Management Company Limited, Price: 940, S: 906.65, R: 970.55
[DEBUG] NIFTY CAPITAL MARKETS match: Multi Commodity Exchange of India Limited, Price: 2390, S: 2314.4, R: 2671.8
[DEBUG] NIFTY CAPITAL MARKETS match: BSE Limited, Price: 2684.5, S: 2685, R: 2995.6
[DEBUG] NIFTY CAPITAL MARKETS match: Central Depository Services (India) Limited, Price: 1121, S: 1121, R: 1233.6
[DEBUG] NIFTY CAPITAL MARKETS match: Angel One Limited, Price: 228.7, S: 216.63, R: 241.67
[DEBUG] NIFTY CAPITAL MARKETS match: Computer Age Management Services Limited, Price: 626.15, S: 622.45, R: 658.15
[DEBUG] NIFTY CAPITAL MARKETS match: 360 ONE WAM LIMITED, Price: 935, S: 939.5, R: 1069.8
[DEBUG] NIFTY CAPITAL MARKETS match: HDFC Asset Management Company Limited, Price: 2211.2, S: 2211.2, R: 2468.9
[DEBUG] NIFTY CAPITAL MARKETS match: Kfin Technologies Limited, Price: 870, S: 869.95, R: 943.8
[DEBUG] NIFTY CAPITAL MARKETS match: Indian Energy Exchange Limited, Price: 115.1, S: 114.88, R: 123.06
[DEBUG] NIFTY CAPITAL MARKETS match: Nippon Life India Asset Management Limited, Price: 799, S: 800, R: 884.8
[DEBUG] NIFTY CAPITAL MARKETS match: Anand Rathi Wealth Limited, Price: 3010.5, S: 2912.4, R: 3070.7
[DEBUG] NIFTY CAPITAL MARKETS match: Motilal Oswal Financial Services Limited, Price: 633.9, S: 628.2, R: 698.3
[DEBUG] NIFTY CAPITAL MARKETS match: Aditya Birla Sun Life AMC Limited, Price: 869.15, S: 877.55, R: 969.45
[DEBUG] NIFTY CAPITAL MARKETS match: UTI Asset Management Company Limited, Price: 940, S: 906.65, R: 970.55
[DEBUG] NIFTY CAPITAL MARKETS match: Multi Commodity Exchange of India Limited, Price: 2390, S: 2314.4, R: 2671.8
[DEBUG] NIFTY CAPITAL MARKETS match: BSE Limited, Price: 2684.5, S: 2685, R: 2995.6
[DEBUG] NIFTY CAPITAL MARKETS match: Central Depository Services (India) Limited, Price: 1121, S: 1121, R: 1233.6
[DEBUG] NIFTY CAPITAL MARKETS match: Angel One Limited, Price: 228.7, S: 216.63, R: 241.67
[DEBUG] NIFTY CAPITAL MARKETS match: Computer Age Management Services Limited, Price: 626.15, S: 622.45, R: 658.15
[DEBUG] NIFTY CAPITAL MARKETS match: 360 ONE WAM LIMITED, Price: 935, S: 939.5, R: 1069.8
[DEBUG] NIFTY CAPITAL MARKETS match: HDFC Asset Management Company Limited, Price: 2211.2, S: 2211.2, R: 2468.9
[DEBUG] NIFTY CAPITAL MARKETS match: Kfin Technologies Limited, Price: 870, S: 869.95, R: 943.8
[DEBUG] NIFTY CAPITAL MARKETS match: Indian Energy Exchange Limited, Price: 115.1, S: 114.88, R: 123.06
[DEBUG] NIFTY CAPITAL MARKETS match: Nippon Life India Asset Management Limited, Price: 799, S: 800, R: 884.8
[DEBUG] NIFTY CAPITAL MARKETS match: Anand Rathi Wealth Limited, Price: 3010.5, S: 2912.4, R: 3070.7
[DEBUG] NIFTY CAPITAL MARKETS match: Motilal Oswal Financial Services Limited, Price: 633.9, S: 628.2, R: 698.3
[DEBUG] NIFTY CAPITAL MARKETS match: Aditya Birla Sun Life AMC Limited, Price: 869.15, S: 877.55, R: 969.45
[DEBUG] NIFTY CAPITAL MARKETS match: UTI Asset Management Company Limited, Price: 940, S: 906.65, R: 970.55
[DEBUG] NIFTY CAPITAL MARKETS match: Multi Commodity Exchange of India Limited, Price: 2390, S: 2314.4, R: 2671.8
[DEBUG] NIFTY CAPITAL MARKETS match: BSE Limited, Price: 2684.5, S: 2685, R: 2995.6
[DEBUG] NIFTY CAPITAL MARKETS match: Central Depository Services (India) Limited, Price: 1121, S: 1121, R: 1233.6
[DEBUG] NIFTY CAPITAL MARKETS match: Angel One Limited, Price: 228.7, S: 216.63, R: 241.67
[DEBUG] NIFTY CAPITAL MARKETS match: Computer Age Management Services Limited, Price: 626.15, S: 622.45, R: 658.15
[DEBUG] NIFTY CAPITAL MARKETS match: 360 ONE WAM LIMITED, Price: 935, S: 939.5, R: 1069.8
[DEBUG] NIFTY CAPITAL MARKETS match: HDFC Asset Management Company Limited, Price: 2211.2, S: 2211.2, R: 2468.9
[DEBUG] NIFTY CAPITAL MARKETS match: Kfin Technologies Limited, Price: 870, S: 869.95, R: 943.8
[DEBUG] NIFTY CAPITAL MARKETS match: Indian Energy Exchange Limited, Price: 115.1, S: 114.88, R: 123.06
[DEBUG] NIFTY CAPITAL MARKETS match: Nippon Life India Asset Management Limited, Price: 799, S: 800, R: 884.8
[DEBUG] NIFTY CAPITAL MARKETS match: Anand Rathi Wealth Limited, Price: 3010.5, S: 2912.4, R: 3070.7
[DEBUG] NIFTY CAPITAL MARKETS match: Motilal Oswal Financial Services Limited, Price: 633.9, S: 628.2, R: 698.3
[DEBUG] NIFTY CAPITAL MARKETS match: Aditya Birla Sun Life AMC Limited, Price: 869.15, S: 877.55, R: 969.45
[DEBUG] NIFTY CAPITAL MARKETS match: UTI Asset Management Company Limited, Price: 940, S: 906.65, R: 970.55
[DEBUG] NIFTY CAPITAL MARKETS match: Multi Commodity Exchange of India Limited, Price: 2390, S: 2314.4, R: 2671.8
[DEBUG] NIFTY CAPITAL MARKETS match: BSE Limited, Price: 2684.5, S: 2685, R: 2995.6
[DEBUG] NIFTY CAPITAL MARKETS match: Central Depository Services (India) Limited, Price: 1121, S: 1121, R: 1233.6
[DEBUG] NIFTY CAPITAL MARKETS match: Angel One Limited, Price: 228.7, S: 216.63, R: 241.67
[DEBUG] NIFTY CAPITAL MARKETS match: Computer Age Management Services Limited, Price: 626.15, S: 622.45, R: 658.15
[DEBUG] NIFTY CAPITAL MARKETS match: 360 ONE WAM LIMITED, Price: 935, S: 939.5, R: 1069.8
[DEBUG] NIFTY CAPITAL MARKETS match: HDFC Asset Management Company Limited, Price: 2211.2, S: 2211.2, R: 2468.9
[DEBUG] NIFTY CAPITAL MARKETS match: Kfin Technologies Limited, Price: 870, S: 869.95, R: 943.8
[DEBUG] NIFTY CAPITAL MARKETS match: Indian Energy Exchange Limited, Price: 115.1, S: 114.88, R: 123.06
[DEBUG] NIFTY CAPITAL MARKETS match: Nippon Life India Asset Management Limited, Price: 799, S: 800, R: 884.8
[DEBUG] NIFTY CAPITAL MARKETS match: Anand Rathi Wealth Limited, Price: 3010.5, S: 2912.4, R: 3070.7
[DEBUG] NIFTY CAPITAL MARKETS match: Motilal Oswal Financial Services Limited, Price: 633.9, S: 628.2, R: 698.3
[DEBUG] NIFTY CAPITAL MARKETS match: Aditya Birla Sun Life AMC Limited, Price: 869.15, S: 877.55, R: 969.45
[DEBUG] NIFTY CAPITAL MARKETS match: UTI Asset Management Company Limited, Price: 940, S: 906.65, R: 970.55
[DEBUG] NIFTY CAPITAL MARKETS match: Multi Commodity Exchange of India Limited, Price: 2390, S: 2314.4, R: 2671.8
[DEBUG] NIFTY CAPITAL MARKETS match: BSE Limited, Price: 2684.5, S: 2685, R: 2995.6
[DEBUG] NIFTY CAPITAL MARKETS match: Central Depository Services (India) Limited, Price: 1121, S: 1121, R: 1233.6
[DEBUG] NIFTY CAPITAL MARKETS match: Angel One Limited, Price: 228.7, S: 216.63, R: 241.67
[DEBUG] NIFTY CAPITAL MARKETS match: Computer Age Management Services Limited, Price: 626.15, S: 622.45, R: 658.15
[DEBUG] NIFTY CAPITAL MARKETS match: 360 ONE WAM LIMITED, Price: 935, S: 939.5, R: 1069.8
[DEBUG] NIFTY CAPITAL MARKETS match: HDFC Asset Management Company Limited, Price: 2211.2, S: 2211.2, R: 2468.9
[DEBUG] NIFTY CAPITAL MARKETS match: Kfin Technologies Limited, Price: 870, S: 869.95, R: 943.8
[DEBUG] NIFTY CAPITAL MARKETS match: Indian Energy Exchange Limited, Price: 115.1, S: 114.88, R: 123.06
[DEBUG] NIFTY CAPITAL MARKETS match: Nippon Life India Asset Management Limited, Price: 799, S: 800, R: 884.8
[DEBUG] NIFTY CAPITAL MARKETS match: Anand Rathi Wealth Limited, Price: 3010.5, S: 2912.4, R: 3070.7
[DEBUG] NIFTY CAPITAL MARKETS match: Motilal Oswal Financial Services Limited, Price: 633.9, S: 628.2, R: 698.3
[DEBUG] NIFTY CAPITAL MARKETS match: Aditya Birla Sun Life AMC Limited, Price: 869.15, S: 877.55, R: 969.45
[DEBUG] NIFTY CAPITAL MARKETS match: UTI Asset Management Company Limited, Price: 940, S: 906.65, R: 970.55
[DEBUG] NIFTY CAPITAL MARKETS match: Multi Commodity Exchange of India Limited, Price: 2390, S: 2314.4, R: 2671.8
[DEBUG] NIFTY CAPITAL MARKETS match: BSE Limited, Price: 2684.5, S: 2685, R: 2995.6
[DEBUG] NIFTY CAPITAL MARKETS match: Central Depository Services (India) Limited, Price: 1121, S: 1121, R: 1233.6
[DEBUG] NIFTY CAPITAL MARKETS match: Angel One Limited, Price: 228.7, S: 216.63, R: 241.67
[DEBUG] NIFTY CAPITAL MARKETS match: Computer Age Management Services Limited, Price: 626.15, S: 622.45, R: 658.15
[DEBUG] NIFTY CAPITAL MARKETS match: 360 ONE WAM LIMITED, Price: 935, S: 939.5, R: 1069.8
[DEBUG] NIFTY CAPITAL MARKETS match: HDFC Asset Management Company Limited, Price: 2211.2, S: 2211.2, R: 2468.9
[DEBUG] NIFTY CAPITAL MARKETS match: Kfin Technologies Limited, Price: 870, S: 869.95, R: 943.8
[DEBUG] NIFTY CAPITAL MARKETS match: Indian Energy Exchange Limited, Price: 115.1, S: 114.88, R: 123.06
[DEBUG] NIFTY CAPITAL MARKETS match: Nippon Life India Asset Management Limited, Price: 799, S: 800, R: 884.8
[DEBUG] NIFTY CAPITAL MARKETS match: Anand Rathi Wealth Limited, Price: 3010.5, S: 2912.4, R: 3070.7
[DEBUG] NIFTY CAPITAL MARKETS match: Motilal Oswal Financial Services Limited, Price: 633.9, S: 628.2, R: 698.3
[DEBUG] NIFTY CAPITAL MARKETS match: Aditya Birla Sun Life AMC Limited, Price: 869.15, S: 877.55, R: 969.45
[DEBUG] NIFTY CAPITAL MARKETS match: UTI Asset Management Company Limited, Price: 940, S: 906.65, R: 970.55
[DEBUG] NIFTY CAPITAL MARKETS match: Multi Commodity Exchange of India Limited, Price: 2390, S: 2314.4, R: 2671.8
[DEBUG] NIFTY CAPITAL MARKETS match: BSE Limited, Price: 2684.5, S: 2685, R: 2995.6
[DEBUG] NIFTY CAPITAL MARKETS match: Central Depository Services (India) Limited, Price: 1121, S: 1121, R: 1233.6
[DEBUG] NIFTY CAPITAL MARKETS match: Angel One Limited, Price: 228.7, S: 216.63, R: 241.67
[DEBUG] NIFTY CAPITAL MARKETS match: Computer Age Management Services Limited, Price: 626.15, S: 622.45, R: 658.15
[DEBUG] NIFTY CAPITAL MARKETS match: 360 ONE WAM LIMITED, Price: 935, S: 939.5, R: 1069.8
[DEBUG] NIFTY CAPITAL MARKETS match: HDFC Asset Management Company Limited, Price: 2211.2, S: 2211.2, R: 2468.9
[DEBUG] NIFTY CAPITAL MARKETS match: Kfin Technologies Limited, Price: 870, S: 869.95, R: 943.8
[DEBUG] NIFTY CAPITAL MARKETS match: Indian Energy Exchange Limited, Price: 115.1, S: 114.88, R: 123.06
[DEBUG] NIFTY CAPITAL MARKETS match: Nippon Life India Asset Management Limited, Price: 799, S: 800, R: 884.8
[DEBUG] NIFTY CAPITAL MARKETS match: Anand Rathi Wealth Limited, Price: 3010.5, S: 2912.4, R: 3070.7
[DEBUG] NIFTY CAPITAL MARKETS match: Motilal Oswal Financial Services Limited, Price: 633.9, S: 628.2, R: 698.3
[DEBUG] NIFTY CAPITAL MARKETS match: Aditya Birla Sun Life AMC Limited, Price: 869.15, S: 877.55, R: 969.45
[DEBUG] NIFTY CAPITAL MARKETS match: UTI Asset Management Company Limited, Price: 940, S: 906.65, R: 970.55
[DEBUG] NIFTY CAPITAL MARKETS match: Multi Commodity Exchange of India Limited, Price: 2390, S: 2314.4, R: 2671.8
[DEBUG] NIFTY CAPITAL MARKETS match: BSE Limited, Price: 2684.5, S: 2685, R: 2995.6
[DEBUG] NIFTY CAPITAL MARKETS match: Central Depository Services (India) Limited, Price: 1121, S: 1121, R: 1233.6
[DEBUG] NIFTY CAPITAL MARKETS match: Angel One Limited, Price: 228.7, S: 216.63, R: 241.67
[DEBUG] NIFTY CAPITAL MARKETS match: Computer Age Management Services Limited, Price: 626.15, S: 622.45, R: 658.15
[DEBUG] NIFTY CAPITAL MARKETS match: 360 ONE WAM LIMITED, Price: 935, S: 939.5, R: 1069.8
[DEBUG] NIFTY CAPITAL MARKETS match: HDFC Asset Management Company Limited, Price: 2211.2, S: 2211.2, R: 2468.9
[DEBUG] NIFTY CAPITAL MARKETS match: Kfin Technologies Limited, Price: 870, S: 869.95, R: 943.8
[DEBUG] NIFTY CAPITAL MARKETS match: Indian Energy Exchange Limited, Price: 115.1, S: 114.88, R: 123.06
[DEBUG] NIFTY CAPITAL MARKETS match: Nippon Life India Asset Management Limited, Price: 799, S: 800, R: 884.8
[DEBUG] NIFTY CAPITAL MARKETS match: Anand Rathi Wealth Limited, Price: 3010.5, S: 2912.4, R: 3070.7
[DEBUG] NIFTY CAPITAL MARKETS match: Motilal Oswal Financial Services Limited, Price: 633.9, S: 628.2, R: 698.3
[DEBUG] NIFTY CAPITAL MARKETS match: Aditya Birla Sun Life AMC Limited, Price: 869.15, S: 877.55, R: 969.45
[DEBUG] NIFTY CAPITAL MARKETS match: UTI Asset Management Company Limited, Price: 940, S: 906.65, R: 970.55
[DEBUG] NIFTY CAPITAL MARKETS match: Multi Commodity Exchange of India Limited, Price: 2390, S: 2314.4, R: 2671.8
[DEBUG] NIFTY CAPITAL MARKETS match: BSE Limited, Price: 2684.5, S: 2685, R: 2995.6
[DEBUG] NIFTY CAPITAL MARKETS match: Central Depository Services (India) Limited, Price: 1121, S: 1121, R: 1233.6
[DEBUG] NIFTY CAPITAL MARKETS match: Angel One Limited, Price: 228.7, S: 216.63, R: 241.67
[DEBUG] NIFTY CAPITAL MARKETS match: Computer Age Management Services Limited, Price: 626.15, S: 622.45, R: 658.15
[DEBUG] NIFTY CAPITAL MARKETS match: 360 ONE WAM LIMITED, Price: 935, S: 939.5, R: 1069.8
[DEBUG] NIFTY CAPITAL MARKETS match: HDFC Asset Management Company Limited, Price: 2211.2, S: 2211.2, R: 2468.9
[DEBUG] NIFTY CAPITAL MARKETS match: Kfin Technologies Limited, Price: 870, S: 869.95, R: 943.8
[DEBUG] NIFTY CAPITAL MARKETS match: Indian Energy Exchange Limited, Price: 115.1, S: 114.88, R: 123.06
[DEBUG] NIFTY CAPITAL MARKETS match: Nippon Life India Asset Management Limited, Price: 799, S: 800, R: 884.8
[DEBUG] NIFTY CAPITAL MARKETS match: Anand Rathi Wealth Limited, Price: 3010.5, S: 2912.4, R: 3070.7
[DEBUG] NIFTY CAPITAL MARKETS match: Motilal Oswal Financial Services Limited, Price: 633.9, S: 628.2, R: 698.3
[DEBUG] NIFTY CAPITAL MARKETS match: Aditya Birla Sun Life AMC Limited, Price: 869.15, S: 877.55, R: 969.45
[DEBUG] NIFTY CAPITAL MARKETS match: UTI Asset Management Company Limited, Price: 940, S: 906.65, R: 970.55
[DEBUG] NIFTY CAPITAL MARKETS match: Multi Commodity Exchange of India Limited, Price: 2390, S: 2314.4, R: 2671.8
[DEBUG] NIFTY CAPITAL MARKETS match: BSE Limited, Price: 2684.5, S: 2685, R: 2995.6
[DEBUG] NIFTY CAPITAL MARKETS match: Central Depository Services (India) Limited, Price: 1121, S: 1121, R: 1233.6
[DEBUG] NIFTY CAPITAL MARKETS match: Angel One Limited, Price: 228.7, S: 216.63, R: 241.67
[DEBUG] NIFTY CAPITAL MARKETS match: Computer Age Management Services Limited, Price: 626.15, S: 622.45, R: 658.15
[DEBUG] NIFTY CAPITAL MARKETS match: 360 ONE WAM LIMITED, Price: 935, S: 939.5, R: 1069.8
[DEBUG] NIFTY CAPITAL MARKETS match: HDFC Asset Management Company Limited, Price: 2211.2, S: 2211.2, R: 2468.9
[DEBUG] NIFTY CAPITAL MARKETS match: Kfin Technologies Limited, Price: 870, S: 869.95, R: 943.8
[DEBUG] NIFTY CAPITAL MARKETS match: Indian Energy Exchange Limited, Price: 115.1, S: 114.88, R: 123.06
[DEBUG] NIFTY CAPITAL MARKETS match: Nippon Life India Asset Management Limited, Price: 799, S: 800, R: 884.8
[DEBUG] NIFTY CAPITAL MARKETS match: Anand Rathi Wealth Limited, Price: 3010.5, S: 2912.4, R: 3070.7
[DEBUG] NIFTY CAPITAL MARKETS match: Motilal Oswal Financial Services Limited, Price: 633.9, S: 628.2, R: 698.3
[DEBUG] NIFTY CAPITAL MARKETS match: Aditya Birla Sun Life AMC Limited, Price: 869.15, S: 877.55, R: 969.45
[DEBUG] NIFTY CAPITAL MARKETS match: UTI Asset Management Company Limited, Price: 940, S: 906.65, R: 970.55
[DEBUG] NIFTY CAPITAL MARKETS match: Multi Commodity Exchange of India Limited, Price: 2390, S: 2314.4, R: 2671.8
[DEBUG] NIFTY CAPITAL MARKETS match: BSE Limited, Price: 2684.5, S: 2685, R: 2995.6
[DEBUG] NIFTY CAPITAL MARKETS match: Central Depository Services (India) Limited, Price: 1121, S: 1121, R: 1233.6
[DEBUG] NIFTY CAPITAL MARKETS match: Angel One Limited, Price: 228.7, S: 216.63, R: 241.67
[DEBUG] NIFTY CAPITAL MARKETS match: Computer Age Management Services Limited, Price: 626.15, S: 622.45, R: 658.15
[DEBUG] NIFTY CAPITAL MARKETS match: 360 ONE WAM LIMITED, Price: 935, S: 939.5, R: 1069.8
[DEBUG] NIFTY CAPITAL MARKETS match: HDFC Asset Management Company Limited, Price: 2211.2, S: 2211.2, R: 2468.9
[DEBUG] NIFTY CAPITAL MARKETS match: Kfin Technologies Limited, Price: 870, S: 869.95, R: 943.8
[DEBUG] NIFTY CAPITAL MARKETS match: Indian Energy Exchange Limited, Price: 115.1, S: 114.88, R: 123.06
[DEBUG] NIFTY CAPITAL MARKETS match: Nippon Life India Asset Management Limited, Price: 799, S: 800, R: 884.8
[DEBUG] NIFTY CAPITAL MARKETS match: Anand Rathi Wealth Limited, Price: 3010.5, S: 2912.4, R: 3070.7
[DEBUG] NIFTY CAPITAL MARKETS match: Motilal Oswal Financial Services Limited, Price: 633.9, S: 628.2, R: 698.3
[DEBUG] NIFTY CAPITAL MARKETS match: Aditya Birla Sun Life AMC Limited, Price: 869.15, S: 877.55, R: 969.45
[DEBUG] NIFTY CAPITAL MARKETS match: UTI Asset Management Company Limited, Price: 940, S: 906.65, R: 970.55
[DEBUG] NIFTY CAPITAL MARKETS match: Multi Commodity Exchange of India Limited, Price: 2390, S: 2314.4, R: 2671.8
[DEBUG] NIFTY CAPITAL MARKETS match: BSE Limited, Price: 2684.5, S: 2685, R: 2995.6
[DEBUG] NIFTY CAPITAL MARKETS match: Central Depository Services (India) Limited, Price: 1121, S: 1121, R: 1233.6
[DEBUG] NIFTY CAPITAL MARKETS match: Angel One Limited, Price: 228.7, S: 216.63, R: 241.67
[DEBUG] NIFTY CAPITAL MARKETS match: Computer Age Management Services Limited, Price: 626.15, S: 622.45, R: 658.15
[DEBUG] NIFTY CAPITAL MARKETS match: 360 ONE WAM LIMITED, Price: 935, S: 939.5, R: 1069.8
[DEBUG] NIFTY CAPITAL MARKETS match: HDFC Asset Management Company Limited, Price: 2211.2, S: 2211.2, R: 2468.9
[DEBUG] NIFTY CAPITAL MARKETS match: Kfin Technologies Limited, Price: 870, S: 869.95, R: 943.8
[DEBUG] NIFTY CAPITAL MARKETS match: Indian Energy Exchange Limited, Price: 115.1, S: 114.88, R: 123.06
[DEBUG] NIFTY CAPITAL MARKETS match: Nippon Life India Asset Management Limited, Price: 799, S: 800, R: 884.8
[DEBUG] NIFTY CAPITAL MARKETS match: Anand Rathi Wealth Limited, Price: 3010.5, S: 2912.4, R: 3070.7
[DEBUG] NIFTY CAPITAL MARKETS match: Motilal Oswal Financial Services Limited, Price: 633.9, S: 628.2, R: 698.3
[DEBUG] NIFTY CAPITAL MARKETS match: Aditya Birla Sun Life AMC Limited, Price: 869.15, S: 877.55, R: 969.45
[DEBUG] NIFTY CAPITAL MARKETS match: UTI Asset Management Company Limited, Price: 940, S: 906.65, R: 970.55
[DEBUG] NIFTY CAPITAL MARKETS match: Multi Commodity Exchange of India Limited, Price: 2390, S: 2314.4, R: 2671.8
[DEBUG] NIFTY CAPITAL MARKETS match: BSE Limited, Price: 2684.5, S: 2685, R: 2995.6
[DEBUG] NIFTY CAPITAL MARKETS match: Central Depository Services (India) Limited, Price: 1121, S: 1121, R: 1233.6
[DEBUG] NIFTY CAPITAL MARKETS match: Angel One Limited, Price: 228.7, S: 216.63, R: 241.67
[DEBUG] NIFTY CAPITAL MARKETS match: Computer Age Management Services Limited, Price: 626.15, S: 622.45, R: 658.15
[DEBUG] NIFTY CAPITAL MARKETS match: 360 ONE WAM LIMITED, Price: 935, S: 939.5, R: 1069.8
[DEBUG] NIFTY CAPITAL MARKETS match: HDFC Asset Management Company Limited, Price: 2211.2, S: 2211.2, R: 2468.9
[DEBUG] NIFTY CAPITAL MARKETS match: Kfin Technologies Limited, Price: 870, S: 869.95, R: 943.8
[DEBUG] NIFTY CAPITAL MARKETS match: Indian Energy Exchange Limited, Price: 115.1, S: 114.88, R: 123.06
[DEBUG] NIFTY CAPITAL MARKETS match: Nippon Life India Asset Management Limited, Price: 799, S: 800, R: 884.8
[DEBUG] NIFTY CAPITAL MARKETS match: Anand Rathi Wealth Limited, Price: 3010.5, S: 2912.4, R: 3070.7
[DEBUG] NIFTY CAPITAL MARKETS match: Motilal Oswal Financial Services Limited, Price: 633.9, S: 628.2, R: 698.3
[DEBUG] NIFTY CAPITAL MARKETS match: Aditya Birla Sun Life AMC Limited, Price: 869.15, S: 877.55, R: 969.45
[DEBUG] NIFTY CAPITAL MARKETS match: UTI Asset Management Company Limited, Price: 940, S: 906.65, R: 970.55
[DEBUG] NIFTY CAPITAL MARKETS match: Multi Commodity Exchange of India Limited, Price: 2390, S: 2314.4, R: 2671.8
[DEBUG] NIFTY CAPITAL MARKETS match: BSE Limited, Price: 2684.5, S: 2685, R: 2995.6
[DEBUG] NIFTY CAPITAL MARKETS match: Central Depository Services (India) Limited, Price: 1121, S: 1121, R: 1233.6
[DEBUG] NIFTY CAPITAL MARKETS match: Angel One Limited, Price: 228.7, S: 216.63, R: 241.67
[DEBUG] NIFTY CAPITAL MARKETS match: Computer Age Management Services Limited, Price: 626.15, S: 622.45, R: 658.15
[DEBUG] NIFTY CAPITAL MARKETS match: 360 ONE WAM LIMITED, Price: 935, S: 939.5, R: 1069.8
[DEBUG] NIFTY CAPITAL MARKETS match: HDFC Asset Management Company Limited, Price: 2211.2, S: 2211.2, R: 2468.9
[DEBUG] NIFTY CAPITAL MARKETS match: Kfin Technologies Limited, Price: 870, S: 869.95, R: 943.8
[DEBUG] NIFTY CAPITAL MARKETS match: Indian Energy Exchange Limited, Price: 115.1, S: 114.88, R: 123.06
[DEBUG] NIFTY CAPITAL MARKETS match: Nippon Life India Asset Management Limited, Price: 799, S: 800, R: 884.8
[DEBUG] NIFTY CAPITAL MARKETS match: Anand Rathi Wealth Limited, Price: 3010.5, S: 2912.4, R: 3070.7
[DEBUG] NIFTY CAPITAL MARKETS match: Motilal Oswal Financial Services Limited, Price: 633.9, S: 628.2, R: 698.3
[DEBUG] NIFTY CAPITAL MARKETS match: Aditya Birla Sun Life AMC Limited, Price: 869.15, S: 877.55, R: 969.45
[DEBUG] NIFTY CAPITAL MARKETS match: UTI Asset Management Company Limited, Price: 940, S: 906.65, R: 970.55
[DEBUG] NIFTY CAPITAL MARKETS match: Multi Commodity Exchange of India Limited, Price: 2390, S: 2314.4, R: 2671.8
[DEBUG] NIFTY CAPITAL MARKETS match: BSE Limited, Price: 2684.5, S: 2685, R: 2995.6
[DEBUG] NIFTY CAPITAL MARKETS match: Central Depository Services (India) Limited, Price: 1121, S: 1121, R: 1233.6
[DEBUG] NIFTY CAPITAL MARKETS match: Angel One Limited, Price: 228.7, S: 216.63, R: 241.67
[DEBUG] NIFTY CAPITAL MARKETS match: Computer Age Management Services Limited, Price: 626.15, S: 622.45, R: 658.15
[DEBUG] NIFTY CAPITAL MARKETS match: 360 ONE WAM LIMITED, Price: 935, S: 939.5, R: 1069.8
[DEBUG] NIFTY CAPITAL MARKETS match: HDFC Asset Management Company Limited, Price: 2211.2, S: 2211.2, R: 2468.9
[DEBUG] NIFTY CAPITAL MARKETS match: Kfin Technologies Limited, Price: 870, S: 869.95, R: 943.8
[DEBUG] NIFTY CAPITAL MARKETS match: Indian Energy Exchange Limited, Price: 115.1, S: 114.88, R: 123.06
[DEBUG] NIFTY CAPITAL MARKETS match: Nippon Life India Asset Management Limited, Price: 799, S: 800, R: 884.8
[DEBUG] NIFTY CAPITAL MARKETS match: Anand Rathi Wealth Limited, Price: 3010.5, S: 2912.4, R: 3070.7
[DEBUG] NIFTY CAPITAL MARKETS match: Motilal Oswal Financial Services Limited, Price: 633.9, S: 628.2, R: 698.3
[DEBUG] NIFTY CAPITAL MARKETS match: Aditya Birla Sun Life AMC Limited, Price: 869.15, S: 877.55, R: 969.45
[DEBUG] NIFTY CAPITAL MARKETS match: UTI Asset Management Company Limited, Price: 940, S: 906.65, R: 970.55
[DEBUG] NIFTY CAPITAL MARKETS match: Multi Commodity Exchange of India Limited, Price: 2390, S: 2314.4, R: 2671.8
[DEBUG] NIFTY CAPITAL MARKETS match: BSE Limited, Price: 2684.5, S: 2685, R: 2995.6
[DEBUG] NIFTY CAPITAL MARKETS match: Central Depository Services (India) Limited, Price: 1121, S: 1121, R: 1233.6
[DEBUG] NIFTY CAPITAL MARKETS match: Angel One Limited, Price: 228.7, S: 216.63, R: 241.67
[DEBUG] NIFTY CAPITAL MARKETS match: Computer Age Management Services Limited, Price: 626.15, S: 622.45, R: 658.15
[DEBUG] NIFTY CAPITAL MARKETS match: 360 ONE WAM LIMITED, Price: 935, S: 939.5, R: 1069.8
[DEBUG] NIFTY CAPITAL MARKETS match: HDFC Asset Management Company Limited, Price: 2211.2, S: 2211.2, R: 2468.9
[DEBUG] NIFTY CAPITAL MARKETS match: Kfin Technologies Limited, Price: 870, S: 869.95, R: 943.8
[DEBUG] NIFTY CAPITAL MARKETS match: Indian Energy Exchange Limited, Price: 115.1, S: 114.88, R: 123.06
[DEBUG] NIFTY CAPITAL MARKETS match: Nippon Life India Asset Management Limited, Price: 799, S: 800, R: 884.8
[DEBUG] NIFTY CAPITAL MARKETS match: Anand Rathi Wealth Limited, Price: 3010.5, S: 2912.4, R: 3070.7
[DEBUG] NIFTY CAPITAL MARKETS match: Motilal Oswal Financial Services Limited, Price: 633.9, S: 628.2, R: 698.3
[DEBUG] NIFTY CAPITAL MARKETS match: Aditya Birla Sun Life AMC Limited, Price: 869.15, S: 877.55, R: 969.45
[DEBUG] NIFTY CAPITAL MARKETS match: UTI Asset Management Company Limited, Price: 940, S: 906.65, R: 970.55
[DEBUG] NIFTY CAPITAL MARKETS match: Multi Commodity Exchange of India Limited, Price: 2390, S: 2314.4, R: 2671.8
[DEBUG] NIFTY CAPITAL MARKETS match: BSE Limited, Price: 2684.5, S: 2685, R: 2995.6
[DEBUG] NIFTY CAPITAL MARKETS match: Central Depository Services (India) Limited, Price: 1121, S: 1121, R: 1233.6
[DEBUG] NIFTY CAPITAL MARKETS match: Angel One Limited, Price: 228.7, S: 216.63, R: 241.67
[DEBUG] NIFTY CAPITAL MARKETS match: Computer Age Management Services Limited, Price: 626.15, S: 622.45, R: 658.15
[DEBUG] NIFTY CAPITAL MARKETS match: 360 ONE WAM LIMITED, Price: 935, S: 939.5, R: 1069.8
[DEBUG] NIFTY CAPITAL MARKETS match: HDFC Asset Management Company Limited, Price: 2211.2, S: 2211.2, R: 2468.9
[DEBUG] NIFTY CAPITAL MARKETS match: Kfin Technologies Limited, Price: 870, S: 869.95, R: 943.8
[DEBUG] NIFTY CAPITAL MARKETS match: Indian Energy Exchange Limited, Price: 115.1, S: 114.88, R: 123.06
[DEBUG] NIFTY CAPITAL MARKETS match: Nippon Life India Asset Management Limited, Price: 799, S: 800, R: 884.8
[DEBUG] NIFTY CAPITAL MARKETS match: Anand Rathi Wealth Limited, Price: 3010.5, S: 2912.4, R: 3070.7
[DEBUG] NIFTY CAPITAL MARKETS match: Motilal Oswal Financial Services Limited, Price: 633.9, S: 628.2, R: 698.3
[DEBUG] NIFTY CAPITAL MARKETS match: Aditya Birla Sun Life AMC Limited, Price: 869.15, S: 877.55, R: 969.45
[DEBUG] NIFTY CAPITAL MARKETS match: UTI Asset Management Company Limited, Price: 940, S: 906.65, R: 970.55
[DEBUG] NIFTY CAPITAL MARKETS match: Multi Commodity Exchange of India Limited, Price: 2390, S: 2314.4, R: 2671.8
[DEBUG] NIFTY CAPITAL MARKETS match: BSE Limited, Price: 2684.5, S: 2685, R: 2995.6
[DEBUG] NIFTY CAPITAL MARKETS match: Central Depository Services (India) Limited, Price: 1121, S: 1121, R: 1233.6
[DEBUG] NIFTY CAPITAL MARKETS match: Angel One Limited, Price: 228.7, S: 216.63, R: 241.67
[DEBUG] NIFTY CAPITAL MARKETS match: Computer Age Management Services Limited, Price: 626.15, S: 622.45, R: 658.15
[DEBUG] NIFTY CAPITAL MARKETS match: 360 ONE WAM LIMITED, Price: 935, S: 939.5, R: 1069.8
[DEBUG] NIFTY CAPITAL MARKETS match: HDFC Asset Management Company Limited, Price: 2211.2, S: 2211.2, R: 2468.9
[DEBUG] NIFTY CAPITAL MARKETS match: Kfin Technologies Limited, Price: 870, S: 869.95, R: 943.8
[DEBUG] NIFTY CAPITAL MARKETS match: Indian Energy Exchange Limited, Price: 115.1, S: 114.88, R: 123.06
[DEBUG] NIFTY CAPITAL MARKETS match: Nippon Life India Asset Management Limited, Price: 799, S: 800, R: 884.8
[DEBUG] NIFTY CAPITAL MARKETS match: Anand Rathi Wealth Limited, Price: 3010.5, S: 2912.4, R: 3070.7
[DEBUG] NIFTY CAPITAL MARKETS match: Motilal Oswal Financial Services Limited, Price: 633.9, S: 628.2, R: 698.3
[DEBUG] NIFTY CAPITAL MARKETS match: Aditya Birla Sun Life AMC Limited, Price: 869.15, S: 877.55, R: 969.45
[DEBUG] NIFTY CAPITAL MARKETS match: UTI Asset Management Company Limited, Price: 940, S: 906.65, R: 970.55
[DEBUG] NIFTY CAPITAL MARKETS match: Multi Commodity Exchange of India Limited, Price: 2390, S: 2314.4, R: 2671.8
[DEBUG] NIFTY CAPITAL MARKETS match: BSE Limited, Price: 2684.5, S: 2685, R: 2995.6
[DEBUG] NIFTY CAPITAL MARKETS match: Central Depository Services (India) Limited, Price: 1121, S: 1121, R: 1233.6
[DEBUG] NIFTY CAPITAL MARKETS match: Angel One Limited, Price: 228.7, S: 216.63, R: 241.67
[DEBUG] NIFTY CAPITAL MARKETS match: Computer Age Management Services Limited, Price: 626.15, S: 622.45, R: 658.15
[DEBUG] NIFTY CAPITAL MARKETS match: 360 ONE WAM LIMITED, Price: 935, S: 939.5, R: 1069.8
[DEBUG] NIFTY CAPITAL MARKETS match: HDFC Asset Management Company Limited, Price: 2211.2, S: 2211.2, R: 2468.9
[DEBUG] NIFTY CAPITAL MARKETS match: Kfin Technologies Limited, Price: 870, S: 869.95, R: 943.8
[DEBUG] NIFTY CAPITAL MARKETS match: Indian Energy Exchange Limited, Price: 115.1, S: 114.88, R: 123.06
[DEBUG] NIFTY CAPITAL MARKETS match: Nippon Life India Asset Management Limited, Price: 799, S: 800, R: 884.8
[DEBUG] NIFTY CAPITAL MARKETS match: Anand Rathi Wealth Limited, Price: 3010.5, S: 2912.4, R: 3070.7
[DEBUG] NIFTY CAPITAL MARKETS match: Motilal Oswal Financial Services Limited, Price: 633.9, S: 628.2, R: 698.3
[DEBUG] NIFTY CAPITAL MARKETS match: Aditya Birla Sun Life AMC Limited, Price: 869.15, S: 877.55, R: 969.45
[DEBUG] NIFTY CAPITAL MARKETS match: UTI Asset Management Company Limited, Price: 940, S: 906.65, R: 970.55
[DEBUG] NIFTY CAPITAL MARKETS match: Multi Commodity Exchange of India Limited, Price: 2390, S: 2314.4, R: 2671.8
[DEBUG] NIFTY CAPITAL MARKETS match: BSE Limited, Price: 2684.5, S: 2685, R: 2995.6
[DEBUG] NIFTY CAPITAL MARKETS match: Central Depository Services (India) Limited, Price: 1121, S: 1121, R: 1233.6
[DEBUG] NIFTY CAPITAL MARKETS match: Angel One Limited, Price: 228.7, S: 216.63, R: 241.67
[DEBUG] NIFTY CAPITAL MARKETS match: Computer Age Management Services Limited, Price: 626.15, S: 622.45, R: 658.15
[DEBUG] NIFTY CAPITAL MARKETS match: 360 ONE WAM LIMITED, Price: 935, S: 939.5, R: 1069.8
[DEBUG] NIFTY CAPITAL MARKETS match: HDFC Asset Management Company Limited, Price: 2211.2, S: 2211.2, R: 2468.9
[DEBUG] NIFTY CAPITAL MARKETS match: Kfin Technologies Limited, Price: 870, S: 869.95, R: 943.8
[DEBUG] NIFTY CAPITAL MARKETS match: Indian Energy Exchange Limited, Price: 115.1, S: 114.88, R: 123.06
[DEBUG] NIFTY CAPITAL MARKETS match: Nippon Life India Asset Management Limited, Price: 799, S: 800, R: 884.8
[DEBUG] NIFTY CAPITAL MARKETS match: Anand Rathi Wealth Limited, Price: 3010.5, S: 2912.4, R: 3070.7
[DEBUG] NIFTY CAPITAL MARKETS match: Motilal Oswal Financial Services Limited, Price: 633.9, S: 628.2, R: 698.3
[DEBUG] NIFTY CAPITAL MARKETS match: Aditya Birla Sun Life AMC Limited, Price: 869.15, S: 877.55, R: 969.45
[DEBUG] NIFTY CAPITAL MARKETS match: UTI Asset Management Company Limited, Price: 940, S: 906.65, R: 970.55
[DEBUG] NIFTY CAPITAL MARKETS match: Multi Commodity Exchange of India Limited, Price: 2390, S: 2314.4, R: 2671.8
[DEBUG] NIFTY CAPITAL MARKETS match: BSE Limited, Price: 2684.5, S: 2685, R: 2995.6
[DEBUG] NIFTY CAPITAL MARKETS match: Central Depository Services (India) Limited, Price: 1121, S: 1121, R: 1233.6
[DEBUG] NIFTY CAPITAL MARKETS match: Angel One Limited, Price: 228.7, S: 216.63, R: 241.67
[DEBUG] NIFTY CAPITAL MARKETS match: Computer Age Management Services Limited, Price: 626.15, S: 622.45, R: 658.15
[DEBUG] NIFTY CAPITAL MARKETS match: 360 ONE WAM LIMITED, Price: 935, S: 939.5, R: 1069.8
[DEBUG] NIFTY CAPITAL MARKETS match: HDFC Asset Management Company Limited, Price: 2211.2, S: 2211.2, R: 2468.9
[DEBUG] NIFTY CAPITAL MARKETS match: Kfin Technologies Limited, Price: 870, S: 869.95, R: 943.8
[DEBUG] NIFTY CAPITAL MARKETS match: Indian Energy Exchange Limited, Price: 115.1, S: 114.88, R: 123.06
[DEBUG] NIFTY CAPITAL MARKETS match: Nippon Life India Asset Management Limited, Price: 799, S: 800, R: 884.8
[DEBUG] NIFTY CAPITAL MARKETS match: Anand Rathi Wealth Limited, Price: 3010.5, S: 2912.4, R: 3070.7
[DEBUG] NIFTY CAPITAL MARKETS match: Motilal Oswal Financial Services Limited, Price: 633.9, S: 628.2, R: 698.3
[DEBUG] NIFTY CAPITAL MARKETS match: Aditya Birla Sun Life AMC Limited, Price: 869.15, S: 877.55, R: 969.45
[DEBUG] NIFTY CAPITAL MARKETS match: UTI Asset Management Company Limited, Price: 940, S: 906.65, R: 970.55
[DEBUG] NIFTY CAPITAL MARKETS match: Multi Commodity Exchange of India Limited, Price: 2390, S: 2314.4, R: 2671.8
[DEBUG] NIFTY CAPITAL MARKETS match: BSE Limited, Price: 2684.5, S: 2685, R: 2995.6
[DEBUG] NIFTY CAPITAL MARKETS match: Central Depository Services (India) Limited, Price: 1121, S: 1121, R: 1233.6
[DEBUG] NIFTY CAPITAL MARKETS match: Angel One Limited, Price: 228.7, S: 216.63, R: 241.67
[DEBUG] NIFTY CAPITAL MARKETS match: Computer Age Management Services Limited, Price: 626.15, S: 622.45, R: 658.15
[DEBUG] NIFTY CAPITAL MARKETS match: 360 ONE WAM LIMITED, Price: 935, S: 939.5, R: 1069.8
[DEBUG] NIFTY CAPITAL MARKETS match: HDFC Asset Management Company Limited, Price: 2211.2, S: 2211.2, R: 2468.9
[DEBUG] NIFTY CAPITAL MARKETS match: Kfin Technologies Limited, Price: 870, S: 869.95, R: 943.8
[DEBUG] NIFTY CAPITAL MARKETS match: Indian Energy Exchange Limited, Price: 115.1, S: 114.88, R: 123.06
[DEBUG] NIFTY CAPITAL MARKETS match: Nippon Life India Asset Management Limited, Price: 799, S: 800, R: 884.8
[DEBUG] NIFTY CAPITAL MARKETS match: Anand Rathi Wealth Limited, Price: 3010.5, S: 2912.4, R: 3070.7
[DEBUG] NIFTY CAPITAL MARKETS match: Motilal Oswal Financial Services Limited, Price: 633.9, S: 628.2, R: 698.3
[DEBUG] NIFTY CAPITAL MARKETS match: Aditya Birla Sun Life AMC Limited, Price: 869.15, S: 877.55, R: 969.45
[DEBUG] NIFTY CAPITAL MARKETS match: UTI Asset Management Company Limited, Price: 940, S: 906.65, R: 970.55
[DEBUG] NIFTY CAPITAL MARKETS match: Multi Commodity Exchange of India Limited, Price: 2390, S: 2314.4, R: 2671.8
[DEBUG] NIFTY CAPITAL MARKETS match: BSE Limited, Price: 2684.5, S: 2685, R: 2995.6
[DEBUG] NIFTY CAPITAL MARKETS match: Central Depository Services (India) Limited, Price: 1121, S: 1121, R: 1233.6
[DEBUG] NIFTY CAPITAL MARKETS match: Angel One Limited, Price: 228.7, S: 216.63, R: 241.67
[DEBUG] NIFTY CAPITAL MARKETS match: Computer Age Management Services Limited, Price: 626.15, S: 622.45, R: 658.15
[DEBUG] NIFTY CAPITAL MARKETS match: 360 ONE WAM LIMITED, Price: 935, S: 939.5, R: 1069.8
[DEBUG] NIFTY CAPITAL MARKETS match: HDFC Asset Management Company Limited, Price: 2211.2, S: 2211.2, R: 2468.9
[DEBUG] NIFTY CAPITAL MARKETS match: Kfin Technologies Limited, Price: 870, S: 869.95, R: 943.8
[DEBUG] NIFTY CAPITAL MARKETS match: Indian Energy Exchange Limited, Price: 115.1, S: 114.88, R: 123.06
[DEBUG] NIFTY CAPITAL MARKETS match: Nippon Life India Asset Management Limited, Price: 799, S: 800, R: 884.8
[DEBUG] NIFTY CAPITAL MARKETS match: Anand Rathi Wealth Limited, Price: 3010.5, S: 2912.4, R: 3070.7
[DEBUG] NIFTY CAPITAL MARKETS match: Motilal Oswal Financial Services Limited, Price: 633.9, S: 628.2, R: 698.3
[DEBUG] NIFTY CAPITAL MARKETS match: Aditya Birla Sun Life AMC Limited, Price: 869.15, S: 877.55, R: 969.45
[DEBUG] NIFTY CAPITAL MARKETS match: UTI Asset Management Company Limited, Price: 940, S: 906.65, R: 970.55
[DEBUG] NIFTY CAPITAL MARKETS match: Multi Commodity Exchange of India Limited, Price: 2390, S: 2314.4, R: 2671.8
[DEBUG] NIFTY CAPITAL MARKETS match: BSE Limited, Price: 2684.5, S: 2685, R: 2995.6
[DEBUG] NIFTY CAPITAL MARKETS match: Central Depository Services (India) Limited, Price: 1121, S: 1121, R: 1233.6
[DEBUG] NIFTY CAPITAL MARKETS match: Angel One Limited, Price: 228.7, S: 216.63, R: 241.67
[DEBUG] NIFTY CAPITAL MARKETS match: Computer Age Management Services Limited, Price: 626.15, S: 622.45, R: 658.15
[DEBUG] NIFTY CAPITAL MARKETS match: 360 ONE WAM LIMITED, Price: 935, S: 939.5, R: 1069.8
[DEBUG] NIFTY CAPITAL MARKETS match: HDFC Asset Management Company Limited, Price: 2211.2, S: 2211.2, R: 2468.9
[DEBUG] NIFTY CAPITAL MARKETS match: Kfin Technologies Limited, Price: 870, S: 869.95, R: 943.8
[DEBUG] NIFTY CAPITAL MARKETS match: Indian Energy Exchange Limited, Price: 115.1, S: 114.88, R: 123.06
[DEBUG] NIFTY CAPITAL MARKETS match: Nippon Life India Asset Management Limited, Price: 799, S: 800, R: 884.8
[DEBUG] NIFTY CAPITAL MARKETS match: Anand Rathi Wealth Limited, Price: 3010.5, S: 2912.4, R: 3070.7
[DEBUG] NIFTY CAPITAL MARKETS match: Motilal Oswal Financial Services Limited, Price: 633.9, S: 628.2, R: 698.3
[DEBUG] NIFTY CAPITAL MARKETS match: Aditya Birla Sun Life AMC Limited, Price: 869.15, S: 877.55, R: 969.45
[DEBUG] NIFTY CAPITAL MARKETS match: UTI Asset Management Company Limited, Price: 940, S: 906.65, R: 970.55
[DEBUG] NIFTY CAPITAL MARKETS match: Multi Commodity Exchange of India Limited, Price: 2390, S: 2314.4, R: 2671.8
[DEBUG] NIFTY CAPITAL MARKETS match: BSE Limited, Price: 2684.5, S: 2685, R: 2995.6
[DEBUG] NIFTY CAPITAL MARKETS match: Central Depository Services (India) Limited, Price: 1121, S: 1121, R: 1233.6
[DEBUG] NIFTY CAPITAL MARKETS match: Angel One Limited, Price: 228.7, S: 216.63, R: 241.67
[DEBUG] NIFTY CAPITAL MARKETS match: Computer Age Management Services Limited, Price: 626.15, S: 622.45, R: 658.15
[DEBUG] NIFTY CAPITAL MARKETS match: 360 ONE WAM LIMITED, Price: 935, S: 939.5, R: 1069.8
[DEBUG] NIFTY CAPITAL MARKETS match: HDFC Asset Management Company Limited, Price: 2211.2, S: 2211.2, R: 2468.9
[DEBUG] NIFTY CAPITAL MARKETS match: Kfin Technologies Limited, Price: 870, S: 869.95, R: 943.8
[DEBUG] NIFTY CAPITAL MARKETS match: Indian Energy Exchange Limited, Price: 115.1, S: 114.88, R: 123.06
[DEBUG] NIFTY CAPITAL MARKETS match: Nippon Life India Asset Management Limited, Price: 799, S: 800, R: 884.8
[DEBUG] NIFTY CAPITAL MARKETS match: Anand Rathi Wealth Limited, Price: 3010.5, S: 2912.4, R: 3070.7
[DEBUG] NIFTY CAPITAL MARKETS match: Motilal Oswal Financial Services Limited, Price: 633.9, S: 628.2, R: 698.3
[DEBUG] NIFTY CAPITAL MARKETS match: Aditya Birla Sun Life AMC Limited, Price: 869.15, S: 877.55, R: 969.45
[DEBUG] NIFTY CAPITAL MARKETS match: UTI Asset Management Company Limited, Price: 940, S: 906.65, R: 970.55
[DEBUG] NIFTY CAPITAL MARKETS match: Multi Commodity Exchange of India Limited, Price: 2390, S: 2314.4, R: 2671.8
[DEBUG] NIFTY CAPITAL MARKETS match: BSE Limited, Price: 2684.5, S: 2685, R: 2995.6
[DEBUG] NIFTY CAPITAL MARKETS match: Central Depository Services (India) Limited, Price: 1121, S: 1121, R: 1233.6
[DEBUG] NIFTY CAPITAL MARKETS match: Angel One Limited, Price: 228.7, S: 216.63, R: 241.67
[DEBUG] NIFTY CAPITAL MARKETS match: Computer Age Management Services Limited, Price: 626.15, S: 622.45, R: 658.15
[DEBUG] NIFTY CAPITAL MARKETS match: 360 ONE WAM LIMITED, Price: 935, S: 939.5, R: 1069.8
[DEBUG] NIFTY CAPITAL MARKETS match: HDFC Asset Management Company Limited, Price: 2211.2, S: 2211.2, R: 2468.9
[DEBUG] NIFTY CAPITAL MARKETS match: Kfin Technologies Limited, Price: 870, S: 869.95, R: 943.8
[DEBUG] NIFTY CAPITAL MARKETS match: Indian Energy Exchange Limited, Price: 115.1, S: 114.88, R: 123.06
[DEBUG] NIFTY CAPITAL MARKETS match: Nippon Life India Asset Management Limited, Price: 799, S: 800, R: 884.8
[DEBUG] NIFTY CAPITAL MARKETS match: Anand Rathi Wealth Limited, Price: 3010.5, S: 2912.4, R: 3070.7
[DEBUG] NIFTY CAPITAL MARKETS match: Motilal Oswal Financial Services Limited, Price: 633.9, S: 628.2, R: 698.3
[DEBUG] NIFTY CAPITAL MARKETS match: Aditya Birla Sun Life AMC Limited, Price: 869.15, S: 877.55, R: 969.45
[DEBUG] NIFTY CAPITAL MARKETS match: UTI Asset Management Company Limited, Price: 940, S: 906.65, R: 970.55
[DEBUG] NIFTY CAPITAL MARKETS match: Multi Commodity Exchange of India Limited, Price: 2390, S: 2314.4, R: 2671.8
[DEBUG] NIFTY CAPITAL MARKETS match: BSE Limited, Price: 2684.5, S: 2685, R: 2995.6
[DEBUG] NIFTY CAPITAL MARKETS match: Central Depository Services (India) Limited, Price: 1121, S: 1121, R: 1233.6
[DEBUG] NIFTY CAPITAL MARKETS match: Angel One Limited, Price: 228.7, S: 216.63, R: 241.67
[DEBUG] NIFTY CAPITAL MARKETS match: Computer Age Management Services Limited, Price: 626.15, S: 622.45, R: 658.15
[DEBUG] NIFTY CAPITAL MARKETS match: 360 ONE WAM LIMITED, Price: 935, S: 939.5, R: 1069.8
[DEBUG] NIFTY CAPITAL MARKETS match: HDFC Asset Management Company Limited, Price: 2211.2, S: 2211.2, R: 2468.9
[DEBUG] NIFTY CAPITAL MARKETS match: Kfin Technologies Limited, Price: 870, S: 869.95, R: 943.8
[DEBUG] NIFTY CAPITAL MARKETS match: Indian Energy Exchange Limited, Price: 115.1, S: 114.88, R: 123.06
[DEBUG] NIFTY CAPITAL MARKETS match: Nippon Life India Asset Management Limited, Price: 799, S: 800, R: 884.8
[DEBUG] NIFTY CAPITAL MARKETS match: Anand Rathi Wealth Limited, Price: 3010.5, S: 2912.4, R: 3070.7
[DEBUG] NIFTY CAPITAL MARKETS match: Motilal Oswal Financial Services Limited, Price: 633.9, S: 628.2, R: 698.3
[DEBUG] NIFTY CAPITAL MARKETS match: Aditya Birla Sun Life AMC Limited, Price: 869.15, S: 877.55, R: 969.45
[DEBUG] NIFTY CAPITAL MARKETS match: UTI Asset Management Company Limited, Price: 940, S: 906.65, R: 970.55
[DEBUG] NIFTY CAPITAL MARKETS match: Multi Commodity Exchange of India Limited, Price: 2390, S: 2314.4, R: 2671.8
[DEBUG] NIFTY CAPITAL MARKETS match: BSE Limited, Price: 2684.5, S: 2685, R: 2995.6
[DEBUG] NIFTY CAPITAL MARKETS match: Central Depository Services (India) Limited, Price: 1121, S: 1121, R: 1233.6
[DEBUG] NIFTY CAPITAL MARKETS match: Angel One Limited, Price: 228.7, S: 216.63, R: 241.67
[DEBUG] NIFTY CAPITAL MARKETS match: Computer Age Management Services Limited, Price: 626.15, S: 622.45, R: 658.15
[DEBUG] NIFTY CAPITAL MARKETS match: 360 ONE WAM LIMITED, Price: 935, S: 939.5, R: 1069.8
[DEBUG] NIFTY CAPITAL MARKETS match: HDFC Asset Management Company Limited, Price: 2211.2, S: 2211.2, R: 2468.9
[DEBUG] NIFTY CAPITAL MARKETS match: Kfin Technologies Limited, Price: 870, S: 869.95, R: 943.8
[DEBUG] NIFTY CAPITAL MARKETS match: Indian Energy Exchange Limited, Price: 115.1, S: 114.88, R: 123.06
[DEBUG] NIFTY CAPITAL MARKETS match: Nippon Life India Asset Management Limited, Price: 799, S: 800, R: 884.8
[DEBUG] NIFTY CAPITAL MARKETS match: Anand Rathi Wealth Limited, Price: 3010.5, S: 2912.4, R: 3070.7
[DEBUG] NIFTY CAPITAL MARKETS match: Motilal Oswal Financial Services Limited, Price: 633.9, S: 628.2, R: 698.3
[DEBUG] NIFTY CAPITAL MARKETS match: Aditya Birla Sun Life AMC Limited, Price: 869.15, S: 877.55, R: 969.45
[DEBUG] NIFTY CAPITAL MARKETS match: UTI Asset Management Company Limited, Price: 940, S: 906.65, R: 970.55
[DEBUG] NIFTY CAPITAL MARKETS match: Multi Commodity Exchange of India Limited, Price: 2390, S: 2314.4, R: 2671.8
[DEBUG] NIFTY CAPITAL MARKETS match: BSE Limited, Price: 2684.5, S: 2685, R: 2995.6
[DEBUG] NIFTY CAPITAL MARKETS match: Central Depository Services (India) Limited, Price: 1121, S: 1121, R: 1233.6
[DEBUG] NIFTY CAPITAL MARKETS match: Angel One Limited, Price: 228.7, S: 216.63, R: 241.67
[DEBUG] NIFTY CAPITAL MARKETS match: Computer Age Management Services Limited, Price: 626.15, S: 622.45, R: 658.15
[DEBUG] NIFTY CAPITAL MARKETS match: 360 ONE WAM LIMITED, Price: 935, S: 939.5, R: 1069.8
[DEBUG] NIFTY CAPITAL MARKETS match: HDFC Asset Management Company Limited, Price: 2211.2, S: 2211.2, R: 2468.9
[DEBUG] NIFTY CAPITAL MARKETS match: Kfin Technologies Limited, Price: 870, S: 869.95, R: 943.8
[DEBUG] NIFTY CAPITAL MARKETS match: Indian Energy Exchange Limited, Price: 115.1, S: 114.88, R: 123.06
[DEBUG] NIFTY CAPITAL MARKETS match: Nippon Life India Asset Management Limited, Price: 799, S: 800, R: 884.8
[DEBUG] NIFTY CAPITAL MARKETS match: Anand Rathi Wealth Limited, Price: 3010.5, S: 2912.4, R: 3070.7
[DEBUG] NIFTY CAPITAL MARKETS match: Motilal Oswal Financial Services Limited, Price: 633.9, S: 628.2, R: 698.3
[DEBUG] NIFTY CAPITAL MARKETS match: Aditya Birla Sun Life AMC Limited, Price: 869.15, S: 877.55, R: 969.45
[DEBUG] NIFTY CAPITAL MARKETS match: UTI Asset Management Company Limited, Price: 940, S: 906.65, R: 970.55
[DEBUG] NIFTY CAPITAL MARKETS match: Multi Commodity Exchange of India Limited, Price: 2390, S: 2314.4, R: 2671.8
[DEBUG] NIFTY CAPITAL MARKETS match: BSE Limited, Price: 2684.5, S: 2685, R: 2995.6
[DEBUG] NIFTY CAPITAL MARKETS match: Central Depository Services (India) Limited, Price: 1121, S: 1121, R: 1233.6
[DEBUG] NIFTY CAPITAL MARKETS match: Angel One Limited, Price: 228.7, S: 216.63, R: 241.67
[DEBUG] NIFTY CAPITAL MARKETS match: Computer Age Management Services Limited, Price: 626.15, S: 622.45, R: 658.15
[DEBUG] NIFTY CAPITAL MARKETS match: 360 ONE WAM LIMITED, Price: 935, S: 939.5, R: 1069.8
[DEBUG] NIFTY CAPITAL MARKETS match: HDFC Asset Management Company Limited, Price: 2211.2, S: 2211.2, R: 2468.9
[DEBUG] NIFTY CAPITAL MARKETS match: Kfin Technologies Limited, Price: 870, S: 869.95, R: 943.8
[DEBUG] NIFTY CAPITAL MARKETS match: Indian Energy Exchange Limited, Price: 115.1, S: 114.88, R: 123.06
[DEBUG] NIFTY CAPITAL MARKETS match: Nippon Life India Asset Management Limited, Price: 799, S: 800, R: 884.8
[DEBUG] NIFTY CAPITAL MARKETS match: Anand Rathi Wealth Limited, Price: 3010.5, S: 2912.4, R: 3070.7
[DEBUG] NIFTY CAPITAL MARKETS match: Motilal Oswal Financial Services Limited, Price: 633.9, S: 628.2, R: 698.3
[DEBUG] NIFTY CAPITAL MARKETS match: Aditya Birla Sun Life AMC Limited, Price: 869.15, S: 877.55, R: 969.45
[DEBUG] NIFTY CAPITAL MARKETS match: UTI Asset Management Company Limited, Price: 940, S: 906.65, R: 970.55
[DEBUG] NIFTY CAPITAL MARKETS match: Multi Commodity Exchange of India Limited, Price: 2390, S: 2314.4, R: 2671.8
[DEBUG] NIFTY CAPITAL MARKETS match: BSE Limited, Price: 2684.5, S: 2685, R: 2995.6
[DEBUG] NIFTY CAPITAL MARKETS match: Central Depository Services (India) Limited, Price: 1121, S: 1121, R: 1233.6
[DEBUG] NIFTY CAPITAL MARKETS match: Angel One Limited, Price: 228.7, S: 216.63, R: 241.67
[DEBUG] NIFTY CAPITAL MARKETS match: Computer Age Management Services Limited, Price: 626.15, S: 622.45, R: 658.15
[DEBUG] NIFTY CAPITAL MARKETS match: 360 ONE WAM LIMITED, Price: 935, S: 939.5, R: 1069.8
[DEBUG] NIFTY CAPITAL MARKETS match: HDFC Asset Management Company Limited, Price: 2211.2, S: 2211.2, R: 2468.9
[DEBUG] NIFTY CAPITAL MARKETS match: Kfin Technologies Limited, Price: 870, S: 869.95, R: 943.8
[DEBUG] NIFTY CAPITAL MARKETS match: Indian Energy Exchange Limited, Price: 115.1, S: 114.88, R: 123.06
[DEBUG] NIFTY CAPITAL MARKETS match: Nippon Life India Asset Management Limited, Price: 799, S: 800, R: 884.8
[DEBUG] NIFTY CAPITAL MARKETS match: Anand Rathi Wealth Limited, Price: 3010.5, S: 2912.4, R: 3070.7
[DEBUG] NIFTY CAPITAL MARKETS match: Motilal Oswal Financial Services Limited, Price: 633.9, S: 628.2, R: 698.3
[DEBUG] NIFTY CAPITAL MARKETS match: Aditya Birla Sun Life AMC Limited, Price: 869.15, S: 877.55, R: 969.45
[DEBUG] NIFTY CAPITAL MARKETS match: UTI Asset Management Company Limited, Price: 940, S: 906.65, R: 970.55
[DEBUG] NIFTY CAPITAL MARKETS match: Multi Commodity Exchange of India Limited, Price: 2390, S: 2314.4, R: 2671.8
[DEBUG] NIFTY CAPITAL MARKETS match: BSE Limited, Price: 2684.5, S: 2685, R: 2995.6
[DEBUG] NIFTY CAPITAL MARKETS match: Central Depository Services (India) Limited, Price: 1121, S: 1121, R: 1233.6
[DEBUG] NIFTY CAPITAL MARKETS match: Angel One Limited, Price: 228.7, S: 216.63, R: 241.67
[DEBUG] NIFTY CAPITAL MARKETS match: Computer Age Management Services Limited, Price: 626.15, S: 622.45, R: 658.15
[DEBUG] NIFTY CAPITAL MARKETS match: 360 ONE WAM LIMITED, Price: 935, S: 939.5, R: 1069.8
[DEBUG] NIFTY CAPITAL MARKETS match: HDFC Asset Management Company Limited, Price: 2211.2, S: 2211.2, R: 2468.9
[DEBUG] NIFTY CAPITAL MARKETS match: Kfin Technologies Limited, Price: 870, S: 869.95, R: 943.8
[DEBUG] NIFTY CAPITAL MARKETS match: Indian Energy Exchange Limited, Price: 115.1, S: 114.88, R: 123.06
[DEBUG] NIFTY CAPITAL MARKETS match: Nippon Life India Asset Management Limited, Price: 799, S: 800, R: 884.8
[DEBUG] NIFTY CAPITAL MARKETS match: Anand Rathi Wealth Limited, Price: 3010.5, S: 2912.4, R: 3070.7
[DEBUG] NIFTY CAPITAL MARKETS match: Motilal Oswal Financial Services Limited, Price: 633.9, S: 628.2, R: 698.3
[DEBUG] NIFTY CAPITAL MARKETS match: Aditya Birla Sun Life AMC Limited, Price: 869.15, S: 877.55, R: 969.45
[DEBUG] NIFTY CAPITAL MARKETS match: UTI Asset Management Company Limited, Price: 940, S: 906.65, R: 970.55
[DEBUG] NIFTY CAPITAL MARKETS match: Multi Commodity Exchange of India Limited, Price: 2390, S: 2314.4, R: 2671.8
[DEBUG] NIFTY CAPITAL MARKETS match: BSE Limited, Price: 2684.5, S: 2685, R: 2995.6
[DEBUG] NIFTY CAPITAL MARKETS match: Central Depository Services (India) Limited, Price: 1121, S: 1121, R: 1233.6
[DEBUG] NIFTY CAPITAL MARKETS match: Angel One Limited, Price: 228.7, S: 216.63, R: 241.67
[DEBUG] NIFTY CAPITAL MARKETS match: Computer Age Management Services Limited, Price: 626.15, S: 622.45, R: 658.15
[DEBUG] NIFTY CAPITAL MARKETS match: 360 ONE WAM LIMITED, Price: 935, S: 939.5, R: 1069.8
[DEBUG] NIFTY CAPITAL MARKETS match: HDFC Asset Management Company Limited, Price: 2211.2, S: 2211.2, R: 2468.9
[DEBUG] NIFTY CAPITAL MARKETS match: Kfin Technologies Limited, Price: 870, S: 869.95, R: 943.8
[DEBUG] NIFTY CAPITAL MARKETS match: Indian Energy Exchange Limited, Price: 115.1, S: 114.88, R: 123.06
[DEBUG] NIFTY CAPITAL MARKETS match: Nippon Life India Asset Management Limited, Price: 799, S: 800, R: 884.8
[DEBUG] NIFTY CAPITAL MARKETS match: Anand Rathi Wealth Limited, Price: 3010.5, S: 2912.4, R: 3070.7
[DEBUG] NIFTY CAPITAL MARKETS match: Motilal Oswal Financial Services Limited, Price: 633.9, S: 628.2, R: 698.3
[DEBUG] NIFTY CAPITAL MARKETS match: Aditya Birla Sun Life AMC Limited, Price: 869.15, S: 877.55, R: 969.45
[DEBUG] NIFTY CAPITAL MARKETS match: UTI Asset Management Company Limited, Price: 940, S: 906.65, R: 970.55
[DEBUG] NIFTY CAPITAL MARKETS match: Multi Commodity Exchange of India Limited, Price: 2390, S: 2314.4, R: 2671.8
[DEBUG] NIFTY CAPITAL MARKETS match: BSE Limited, Price: 2684.5, S: 2685, R: 2995.6
[DEBUG] NIFTY CAPITAL MARKETS match: Central Depository Services (India) Limited, Price: 1121, S: 1121, R: 1233.6
[DEBUG] NIFTY CAPITAL MARKETS match: Angel One Limited, Price: 228.7, S: 216.63, R: 241.67
[DEBUG] NIFTY CAPITAL MARKETS match: Computer Age Management Services Limited, Price: 626.15, S: 622.45, R: 658.15
[DEBUG] NIFTY CAPITAL MARKETS match: 360 ONE WAM LIMITED, Price: 935, S: 939.5, R: 1069.8
[DEBUG] NIFTY CAPITAL MARKETS match: HDFC Asset Management Company Limited, Price: 2211.2, S: 2211.2, R: 2468.9
[DEBUG] NIFTY CAPITAL MARKETS match: Kfin Technologies Limited, Price: 870, S: 869.95, R: 943.8
[DEBUG] NIFTY CAPITAL MARKETS match: Indian Energy Exchange Limited, Price: 115.1, S: 114.88, R: 123.06
[DEBUG] NIFTY CAPITAL MARKETS match: Nippon Life India Asset Management Limited, Price: 799, S: 800, R: 884.8
[DEBUG] NIFTY CAPITAL MARKETS match: Anand Rathi Wealth Limited, Price: 3010.5, S: 2912.4, R: 3070.7
[DEBUG] NIFTY CAPITAL MARKETS match: Motilal Oswal Financial Services Limited, Price: 633.9, S: 628.2, R: 698.3
[DEBUG] NIFTY CAPITAL MARKETS match: Aditya Birla Sun Life AMC Limited, Price: 869.15, S: 877.55, R: 969.45
[DEBUG] NIFTY CAPITAL MARKETS match: UTI Asset Management Company Limited, Price: 940, S: 906.65, R: 970.55
[DEBUG] NIFTY CAPITAL MARKETS match: Multi Commodity Exchange of India Limited, Price: 2390, S: 2314.4, R: 2671.8
[DEBUG] NIFTY CAPITAL MARKETS match: BSE Limited, Price: 2684.5, S: 2685, R: 2995.6
[DEBUG] NIFTY CAPITAL MARKETS match: Central Depository Services (India) Limited, Price: 1121, S: 1121, R: 1233.6
[DEBUG] NIFTY CAPITAL MARKETS match: Angel One Limited, Price: 228.7, S: 216.63, R: 241.67
[DEBUG] NIFTY CAPITAL MARKETS match: Computer Age Management Services Limited, Price: 626.15, S: 622.45, R: 658.15
[DEBUG] NIFTY CAPITAL MARKETS match: 360 ONE WAM LIMITED, Price: 935, S: 939.5, R: 1069.8
[DEBUG] NIFTY CAPITAL MARKETS match: HDFC Asset Management Company Limited, Price: 2211.2, S: 2211.2, R: 2468.9
[DEBUG] NIFTY CAPITAL MARKETS match: Kfin Technologies Limited, Price: 870, S: 869.95, R: 943.8
[DEBUG] NIFTY CAPITAL MARKETS match: Indian Energy Exchange Limited, Price: 115.1, S: 114.88, R: 123.06
[DEBUG] NIFTY CAPITAL MARKETS match: Nippon Life India Asset Management Limited, Price: 799, S: 800, R: 884.8
[DEBUG] NIFTY CAPITAL MARKETS match: Anand Rathi Wealth Limited, Price: 3010.5, S: 2912.4, R: 3070.7
[DEBUG] NIFTY CAPITAL MARKETS match: Motilal Oswal Financial Services Limited, Price: 633.9, S: 628.2, R: 698.3
[DEBUG] NIFTY CAPITAL MARKETS match: Aditya Birla Sun Life AMC Limited, Price: 869.15, S: 877.55, R: 969.45
[DEBUG] NIFTY CAPITAL MARKETS match: UTI Asset Management Company Limited, Price: 940, S: 906.65, R: 970.55
[DEBUG] NIFTY CAPITAL MARKETS match: Multi Commodity Exchange of India Limited, Price: 2390, S: 2314.4, R: 2671.8
[DEBUG] NIFTY CAPITAL MARKETS match: BSE Limited, Price: 2684.5, S: 2685, R: 2995.6
[DEBUG] NIFTY CAPITAL MARKETS match: Central Depository Services (India) Limited, Price: 1121, S: 1121, R: 1233.6
[DEBUG] NIFTY CAPITAL MARKETS match: Angel One Limited, Price: 228.7, S: 216.63, R: 241.67
[DEBUG] NIFTY CAPITAL MARKETS match: Computer Age Management Services Limited, Price: 626.15, S: 622.45, R: 658.15
[DEBUG] NIFTY CAPITAL MARKETS match: 360 ONE WAM LIMITED, Price: 935, S: 939.5, R: 1069.8
[DEBUG] NIFTY CAPITAL MARKETS match: HDFC Asset Management Company Limited, Price: 2211.2, S: 2211.2, R: 2468.9
[DEBUG] NIFTY CAPITAL MARKETS match: Kfin Technologies Limited, Price: 870, S: 869.95, R: 943.8
[DEBUG] NIFTY CAPITAL MARKETS match: Indian Energy Exchange Limited, Price: 115.1, S: 114.88, R: 123.06
[DEBUG] NIFTY CAPITAL MARKETS match: Nippon Life India Asset Management Limited, Price: 799, S: 800, R: 884.8
[DEBUG] NIFTY CAPITAL MARKETS match: Anand Rathi Wealth Limited, Price: 3010.5, S: 2912.4, R: 3070.7
[DEBUG] NIFTY CAPITAL MARKETS match: Motilal Oswal Financial Services Limited, Price: 633.9, S: 628.2, R: 698.3
[DEBUG] NIFTY CAPITAL MARKETS match: Aditya Birla Sun Life AMC Limited, Price: 869.15, S: 877.55, R: 969.45
[DEBUG] NIFTY CAPITAL MARKETS match: UTI Asset Management Company Limited, Price: 940, S: 906.65, R: 970.55
[DEBUG] NIFTY CAPITAL MARKETS match: Multi Commodity Exchange of India Limited, Price: 2390, S: 2314.4, R: 2671.8
[DEBUG] NIFTY CAPITAL MARKETS match: BSE Limited, Price: 2684.5, S: 2685, R: 2995.6
[DEBUG] NIFTY CAPITAL MARKETS match: Central Depository Services (India) Limited, Price: 1121, S: 1121, R: 1233.6
[DEBUG] NIFTY CAPITAL MARKETS match: Angel One Limited, Price: 228.7, S: 216.63, R: 241.67
[DEBUG] NIFTY CAPITAL MARKETS match: Computer Age Management Services Limited, Price: 626.15, S: 622.45, R: 658.15
[DEBUG] NIFTY CAPITAL MARKETS match: 360 ONE WAM LIMITED, Price: 935, S: 939.5, R: 1069.8
[DEBUG] NIFTY CAPITAL MARKETS match: HDFC Asset Management Company Limited, Price: 2211.2, S: 2211.2, R: 2468.9
[DEBUG] NIFTY CAPITAL MARKETS match: Kfin Technologies Limited, Price: 870, S: 869.95, R: 943.8
[DEBUG] NIFTY CAPITAL MARKETS match: Indian Energy Exchange Limited, Price: 115.1, S: 114.88, R: 123.06
[DEBUG] NIFTY CAPITAL MARKETS match: Nippon Life India Asset Management Limited, Price: 799, S: 800, R: 884.8
[DEBUG] NIFTY CAPITAL MARKETS match: Anand Rathi Wealth Limited, Price: 3010.5, S: 2912.4, R: 3070.7
[DEBUG] NIFTY CAPITAL MARKETS match: Motilal Oswal Financial Services Limited, Price: 633.9, S: 628.2, R: 698.3
[DEBUG] NIFTY CAPITAL MARKETS match: Aditya Birla Sun Life AMC Limited, Price: 869.15, S: 877.55, R: 969.45
[DEBUG] NIFTY CAPITAL MARKETS match: UTI Asset Management Company Limited, Price: 940, S: 906.65, R: 970.55
[DEBUG] NIFTY CAPITAL MARKETS match: Multi Commodity Exchange of India Limited, Price: 2390, S: 2314.4, R: 2671.8
[DEBUG] NIFTY CAPITAL MARKETS match: BSE Limited, Price: 2684.5, S: 2685, R: 2995.6
[DEBUG] NIFTY CAPITAL MARKETS match: Central Depository Services (India) Limited, Price: 1121, S: 1121, R: 1233.6
[DEBUG] NIFTY CAPITAL MARKETS match: Angel One Limited, Price: 228.7, S: 216.63, R: 241.67
[DEBUG] NIFTY CAPITAL MARKETS match: Computer Age Management Services Limited, Price: 626.15, S: 622.45, R: 658.15
[DEBUG] NIFTY CAPITAL MARKETS match: 360 ONE WAM LIMITED, Price: 935, S: 939.5, R: 1069.8
[DEBUG] NIFTY CAPITAL MARKETS match: HDFC Asset Management Company Limited, Price: 2211.2, S: 2211.2, R: 2468.9
[DEBUG] NIFTY CAPITAL MARKETS match: Kfin Technologies Limited, Price: 870, S: 869.95, R: 943.8
[DEBUG] NIFTY CAPITAL MARKETS match: Indian Energy Exchange Limited, Price: 115.1, S: 114.88, R: 123.06
[DEBUG] NIFTY CAPITAL MARKETS match: Nippon Life India Asset Management Limited, Price: 799, S: 800, R: 884.8
[DEBUG] NIFTY CAPITAL MARKETS match: Anand Rathi Wealth Limited, Price: 3010.5, S: 2912.4, R: 3070.7
[DEBUG] NIFTY CAPITAL MARKETS match: Motilal Oswal Financial Services Limited, Price: 633.9, S: 628.2, R: 698.3
[DEBUG] NIFTY CAPITAL MARKETS match: Aditya Birla Sun Life AMC Limited, Price: 869.15, S: 877.55, R: 969.45
[DEBUG] NIFTY CAPITAL MARKETS match: UTI Asset Management Company Limited, Price: 940, S: 906.65, R: 970.55
[DEBUG] NIFTY CAPITAL MARKETS match: Multi Commodity Exchange of India Limited, Price: 2390, S: 2314.4, R: 2671.8
[DEBUG] NIFTY CAPITAL MARKETS match: BSE Limited, Price: 2684.5, S: 2685, R: 2995.6
[DEBUG] NIFTY CAPITAL MARKETS match: Central Depository Services (India) Limited, Price: 1121, S: 1121, R: 1233.6
[DEBUG] NIFTY CAPITAL MARKETS match: Angel One Limited, Price: 228.7, S: 216.63, R: 241.67
[DEBUG] NIFTY CAPITAL MARKETS match: Computer Age Management Services Limited, Price: 626.15, S: 622.45, R: 658.15
[DEBUG] NIFTY CAPITAL MARKETS match: 360 ONE WAM LIMITED, Price: 935, S: 939.5, R: 1069.8
[DEBUG] NIFTY CAPITAL MARKETS match: HDFC Asset Management Company Limited, Price: 2211.2, S: 2211.2, R: 2468.9
[DEBUG] NIFTY CAPITAL MARKETS match: Kfin Technologies Limited, Price: 870, S: 869.95, R: 943.8
[DEBUG] NIFTY CAPITAL MARKETS match: Indian Energy Exchange Limited, Price: 115.1, S: 114.88, R: 123.06
[DEBUG] NIFTY CAPITAL MARKETS match: Nippon Life India Asset Management Limited, Price: 799, S: 800, R: 884.8
[DEBUG] NIFTY CAPITAL MARKETS match: Anand Rathi Wealth Limited, Price: 3010.5, S: 2912.4, R: 3070.7
[DEBUG] NIFTY CAPITAL MARKETS match: Motilal Oswal Financial Services Limited, Price: 633.9, S: 628.2, R: 698.3
[DEBUG] NIFTY CAPITAL MARKETS match: Aditya Birla Sun Life AMC Limited, Price: 869.15, S: 877.55, R: 969.45
[DEBUG] NIFTY CAPITAL MARKETS match: UTI Asset Management Company Limited, Price: 940, S: 906.65, R: 970.55
[DEBUG] NIFTY CAPITAL MARKETS match: Multi Commodity Exchange of India Limited, Price: 2390, S: 2314.4, R: 2671.8
[DEBUG] NIFTY CAPITAL MARKETS match: BSE Limited, Price: 2684.5, S: 2685, R: 2995.6
[DEBUG] NIFTY CAPITAL MARKETS match: Central Depository Services (India) Limited, Price: 1121, S: 1121, R: 1233.6
[DEBUG] NIFTY CAPITAL MARKETS match: Angel One Limited, Price: 228.7, S: 216.63, R: 241.67
[DEBUG] NIFTY CAPITAL MARKETS match: Computer Age Management Services Limited, Price: 626.15, S: 622.45, R: 658.15
[DEBUG] NIFTY CAPITAL MARKETS match: 360 ONE WAM LIMITED, Price: 935, S: 939.5, R: 1069.8
[DEBUG] NIFTY CAPITAL MARKETS match: HDFC Asset Management Company Limited, Price: 2211.2, S: 2211.2, R: 2468.9
[DEBUG] NIFTY CAPITAL MARKETS match: Kfin Technologies Limited, Price: 870, S: 869.95, R: 943.8
[DEBUG] NIFTY CAPITAL MARKETS match: Indian Energy Exchange Limited, Price: 115.1, S: 114.88, R: 123.06
[DEBUG] NIFTY CAPITAL MARKETS match: Nippon Life India Asset Management Limited, Price: 799, S: 800, R: 884.8
[DEBUG] NIFTY CAPITAL MARKETS match: Anand Rathi Wealth Limited, Price: 3010.5, S: 2912.4, R: 3070.7
[DEBUG] NIFTY CAPITAL MARKETS match: Motilal Oswal Financial Services Limited, Price: 633.9, S: 628.2, R: 698.3
[DEBUG] NIFTY CAPITAL MARKETS match: Aditya Birla Sun Life AMC Limited, Price: 869.15, S: 877.55, R: 969.45
[DEBUG] NIFTY CAPITAL MARKETS match: UTI Asset Management Company Limited, Price: 940, S: 906.65, R: 970.55
[DEBUG] NIFTY CAPITAL MARKETS match: Multi Commodity Exchange of India Limited, Price: 2390, S: 2314.4, R: 2671.8
[DEBUG] NIFTY CAPITAL MARKETS match: BSE Limited, Price: 2684.5, S: 2685, R: 2995.6
[DEBUG] NIFTY CAPITAL MARKETS match: Central Depository Services (India) Limited, Price: 1121, S: 1121, R: 1233.6
[DEBUG] NIFTY CAPITAL MARKETS match: Angel One Limited, Price: 228.7, S: 216.63, R: 241.67
[DEBUG] NIFTY CAPITAL MARKETS match: Computer Age Management Services Limited, Price: 626.15, S: 622.45, R: 658.15
[DEBUG] NIFTY CAPITAL MARKETS match: 360 ONE WAM LIMITED, Price: 935, S: 939.5, R: 1069.8
[DEBUG] NIFTY CAPITAL MARKETS match: HDFC Asset Management Company Limited, Price: 2211.2, S: 2211.2, R: 2468.9
[DEBUG] NIFTY CAPITAL MARKETS match: Kfin Technologies Limited, Price: 870, S: 869.95, R: 943.8
[DEBUG] NIFTY CAPITAL MARKETS match: Indian Energy Exchange Limited, Price: 115.1, S: 114.88, R: 123.06
[DEBUG] NIFTY CAPITAL MARKETS match: Nippon Life India Asset Management Limited, Price: 799, S: 800, R: 884.8
[DEBUG] NIFTY CAPITAL MARKETS match: Anand Rathi Wealth Limited, Price: 3010.5, S: 2912.4, R: 3070.7
[DEBUG] NIFTY CAPITAL MARKETS match: Motilal Oswal Financial Services Limited, Price: 633.9, S: 628.2, R: 698.3
[DEBUG] NIFTY CAPITAL MARKETS match: Aditya Birla Sun Life AMC Limited, Price: 869.15, S: 877.55, R: 969.45
[DEBUG] NIFTY CAPITAL MARKETS match: UTI Asset Management Company Limited, Price: 940, S: 906.65, R: 970.55
[DEBUG] NIFTY CAPITAL MARKETS match: Multi Commodity Exchange of India Limited, Price: 2390, S: 2314.4, R: 2671.8
[DEBUG] NIFTY CAPITAL MARKETS match: BSE Limited, Price: 2684.5, S: 2685, R: 2995.6
[DEBUG] NIFTY CAPITAL MARKETS match: Central Depository Services (India) Limited, Price: 1121, S: 1121, R: 1233.6
[DEBUG] NIFTY CAPITAL MARKETS match: Angel One Limited, Price: 228.7, S: 216.63, R: 241.67
[DEBUG] NIFTY CAPITAL MARKETS match: Computer Age Management Services Limited, Price: 626.15, S: 622.45, R: 658.15
[DEBUG] NIFTY CAPITAL MARKETS match: 360 ONE WAM LIMITED, Price: 935, S: 939.5, R: 1069.8
[DEBUG] NIFTY CAPITAL MARKETS match: HDFC Asset Management Company Limited, Price: 2211.2, S: 2211.2, R: 2468.9
[DEBUG] NIFTY CAPITAL MARKETS match: Kfin Technologies Limited, Price: 870, S: 869.95, R: 943.8
[DEBUG] NIFTY CAPITAL MARKETS match: Indian Energy Exchange Limited, Price: 115.1, S: 114.88, R: 123.06
[DEBUG] NIFTY CAPITAL MARKETS match: Nippon Life India Asset Management Limited, Price: 799, S: 800, R: 884.8
[DEBUG] NIFTY CAPITAL MARKETS match: Anand Rathi Wealth Limited, Price: 3010.5, S: 2912.4, R: 3070.7
[DEBUG] NIFTY CAPITAL MARKETS match: Motilal Oswal Financial Services Limited, Price: 633.9, S: 628.2, R: 698.3
[DEBUG] NIFTY CAPITAL MARKETS match: Aditya Birla Sun Life AMC Limited, Price: 869.15, S: 877.55, R: 969.45
[DEBUG] NIFTY CAPITAL MARKETS match: UTI Asset Management Company Limited, Price: 940, S: 906.65, R: 970.55
[DEBUG] NIFTY CAPITAL MARKETS match: Multi Commodity Exchange of India Limited, Price: 2390, S: 2314.4, R: 2671.8
[DEBUG] NIFTY CAPITAL MARKETS match: BSE Limited, Price: 2684.5, S: 2685, R: 2995.6
[DEBUG] NIFTY CAPITAL MARKETS match: Central Depository Services (India) Limited, Price: 1121, S: 1121, R: 1233.6
[DEBUG] NIFTY CAPITAL MARKETS match: Angel One Limited, Price: 228.7, S: 216.63, R: 241.67
[DEBUG] NIFTY CAPITAL MARKETS match: Computer Age Management Services Limited, Price: 626.15, S: 622.45, R: 658.15
[DEBUG] NIFTY CAPITAL MARKETS match: 360 ONE WAM LIMITED, Price: 935, S: 939.5, R: 1069.8
[DEBUG] NIFTY CAPITAL MARKETS match: HDFC Asset Management Company Limited, Price: 2211.2, S: 2211.2, R: 2468.9
[DEBUG] NIFTY CAPITAL MARKETS match: Kfin Technologies Limited, Price: 870, S: 869.95, R: 943.8
[DEBUG] NIFTY CAPITAL MARKETS match: Indian Energy Exchange Limited, Price: 115.1, S: 114.88, R: 123.06
[DEBUG] NIFTY CAPITAL MARKETS match: Nippon Life India Asset Management Limited, Price: 799, S: 800, R: 884.8
[DEBUG] NIFTY CAPITAL MARKETS match: Anand Rathi Wealth Limited, Price: 3010.5, S: 2912.4, R: 3070.7
[DEBUG] NIFTY CAPITAL MARKETS match: Motilal Oswal Financial Services Limited, Price: 633.9, S: 628.2, R: 698.3
[DEBUG] NIFTY CAPITAL MARKETS match: Aditya Birla Sun Life AMC Limited, Price: 869.15, S: 877.55, R: 969.45
[DEBUG] NIFTY CAPITAL MARKETS match: UTI Asset Management Company Limited, Price: 940, S: 906.65, R: 970.55
[DEBUG] NIFTY CAPITAL MARKETS match: Multi Commodity Exchange of India Limited, Price: 2390, S: 2314.4, R: 2671.8
[DEBUG] NIFTY CAPITAL MARKETS match: BSE Limited, Price: 2684.5, S: 2685, R: 2995.6
[DEBUG] NIFTY CAPITAL MARKETS match: Central Depository Services (India) Limited, Price: 1121, S: 1121, R: 1233.6
[DEBUG] NIFTY CAPITAL MARKETS match: Angel One Limited, Price: 228.7, S: 216.63, R: 241.67
[DEBUG] NIFTY CAPITAL MARKETS match: Computer Age Management Services Limited, Price: 626.15, S: 622.45, R: 658.15
[DEBUG] NIFTY CAPITAL MARKETS match: 360 ONE WAM LIMITED, Price: 935, S: 939.5, R: 1069.8
[DEBUG] NIFTY CAPITAL MARKETS match: HDFC Asset Management Company Limited, Price: 2211.2, S: 2211.2, R: 2468.9
[DEBUG] NIFTY CAPITAL MARKETS match: Kfin Technologies Limited, Price: 870, S: 869.95, R: 943.8
[DEBUG] NIFTY CAPITAL MARKETS match: Indian Energy Exchange Limited, Price: 115.1, S: 114.88, R: 123.06
[DEBUG] NIFTY CAPITAL MARKETS match: Nippon Life India Asset Management Limited, Price: 799, S: 800, R: 884.8
[DEBUG] NIFTY CAPITAL MARKETS match: Anand Rathi Wealth Limited, Price: 3010.5, S: 2912.4, R: 3070.7
[DEBUG] NIFTY CAPITAL MARKETS match: Motilal Oswal Financial Services Limited, Price: 633.9, S: 628.2, R: 698.3
[DEBUG] NIFTY CAPITAL MARKETS match: Aditya Birla Sun Life AMC Limited, Price: 869.15, S: 877.55, R: 969.45
[DEBUG] NIFTY CAPITAL MARKETS match: UTI Asset Management Company Limited, Price: 940, S: 906.65, R: 970.55
[DEBUG] NIFTY CAPITAL MARKETS match: Multi Commodity Exchange of India Limited, Price: 2390, S: 2314.4, R: 2671.8
[DEBUG] NIFTY CAPITAL MARKETS match: BSE Limited, Price: 2684.5, S: 2685, R: 2995.6
[DEBUG] NIFTY CAPITAL MARKETS match: Central Depository Services (India) Limited, Price: 1121, S: 1121, R: 1233.6
[DEBUG] NIFTY CAPITAL MARKETS match: Angel One Limited, Price: 228.7, S: 216.63, R: 241.67
[DEBUG] NIFTY CAPITAL MARKETS match: Computer Age Management Services Limited, Price: 626.15, S: 622.45, R: 658.15
[DEBUG] NIFTY CAPITAL MARKETS match: 360 ONE WAM LIMITED, Price: 935, S: 939.5, R: 1069.8
[DEBUG] NIFTY CAPITAL MARKETS match: HDFC Asset Management Company Limited, Price: 2211.2, S: 2211.2, R: 2468.9
[DEBUG] NIFTY CAPITAL MARKETS match: Kfin Technologies Limited, Price: 870, S: 869.95, R: 943.8
[DEBUG] NIFTY CAPITAL MARKETS match: Indian Energy Exchange Limited, Price: 115.1, S: 114.88, R: 123.06
[DEBUG] NIFTY CAPITAL MARKETS match: Nippon Life India Asset Management Limited, Price: 799, S: 800, R: 884.8
[DEBUG] NIFTY CAPITAL MARKETS match: Anand Rathi Wealth Limited, Price: 3010.5, S: 2912.4, R: 3070.7
[DEBUG] NIFTY CAPITAL MARKETS match: Motilal Oswal Financial Services Limited, Price: 633.9, S: 628.2, R: 698.3
[DEBUG] NIFTY CAPITAL MARKETS match: Aditya Birla Sun Life AMC Limited, Price: 869.15, S: 877.55, R: 969.45
[DEBUG] NIFTY CAPITAL MARKETS match: UTI Asset Management Company Limited, Price: 940, S: 906.65, R: 970.55
[DEBUG] NIFTY CAPITAL MARKETS match: Multi Commodity Exchange of India Limited, Price: 2390, S: 2314.4, R: 2671.8
[DEBUG] NIFTY CAPITAL MARKETS match: BSE Limited, Price: 2684.5, S: 2685, R: 2995.6
[DEBUG] NIFTY CAPITAL MARKETS match: Central Depository Services (India) Limited, Price: 1121, S: 1121, R: 1233.6
[DEBUG] NIFTY CAPITAL MARKETS match: Angel One Limited, Price: 228.7, S: 216.63, R: 241.67
[DEBUG] NIFTY CAPITAL MARKETS match: Computer Age Management Services Limited, Price: 626.15, S: 622.45, R: 658.15
[DEBUG] NIFTY CAPITAL MARKETS match: 360 ONE WAM LIMITED, Price: 935, S: 939.5, R: 1069.8
[DEBUG] NIFTY CAPITAL MARKETS match: HDFC Asset Management Company Limited, Price: 2211.2, S: 2211.2, R: 2468.9
[DEBUG] NIFTY CAPITAL MARKETS match: Kfin Technologies Limited, Price: 870, S: 869.95, R: 943.8
[DEBUG] NIFTY CAPITAL MARKETS match: Indian Energy Exchange Limited, Price: 115.1, S: 114.88, R: 123.06
[DEBUG] NIFTY CAPITAL MARKETS match: Nippon Life India Asset Management Limited, Price: 799, S: 800, R: 884.8
[DEBUG] NIFTY CAPITAL MARKETS match: Anand Rathi Wealth Limited, Price: 3010.5, S: 2912.4, R: 3070.7
[DEBUG] NIFTY CAPITAL MARKETS match: Motilal Oswal Financial Services Limited, Price: 633.9, S: 628.2, R: 698.3
[DEBUG] NIFTY CAPITAL MARKETS match: Aditya Birla Sun Life AMC Limited, Price: 869.15, S: 877.55, R: 969.45
[DEBUG] NIFTY CAPITAL MARKETS match: UTI Asset Management Company Limited, Price: 940, S: 906.65, R: 970.55
[DEBUG] NIFTY CAPITAL MARKETS match: Multi Commodity Exchange of India Limited, Price: 2390, S: 2314.4, R: 2671.8
[DEBUG] NIFTY CAPITAL MARKETS match: BSE Limited, Price: 2684.5, S: 2685, R: 2995.6
[DEBUG] NIFTY CAPITAL MARKETS match: Central Depository Services (India) Limited, Price: 1121, S: 1121, R: 1233.6
[DEBUG] NIFTY CAPITAL MARKETS match: Angel One Limited, Price: 228.7, S: 216.63, R: 241.67
[DEBUG] NIFTY CAPITAL MARKETS match: Computer Age Management Services Limited, Price: 626.15, S: 622.45, R: 658.15
[DEBUG] NIFTY CAPITAL MARKETS match: 360 ONE WAM LIMITED, Price: 935, S: 939.5, R: 1069.8
[DEBUG] NIFTY CAPITAL MARKETS match: HDFC Asset Management Company Limited, Price: 2211.2, S: 2211.2, R: 2468.9
[DEBUG] NIFTY CAPITAL MARKETS match: Kfin Technologies Limited, Price: 870, S: 869.95, R: 943.8
[DEBUG] NIFTY CAPITAL MARKETS match: Indian Energy Exchange Limited, Price: 115.1, S: 114.88, R: 123.06
[DEBUG] NIFTY CAPITAL MARKETS match: Nippon Life India Asset Management Limited, Price: 799, S: 800, R: 884.8
[DEBUG] NIFTY CAPITAL MARKETS match: Anand Rathi Wealth Limited, Price: 3010.5, S: 2912.4, R: 3070.7
[DEBUG] NIFTY CAPITAL MARKETS match: Motilal Oswal Financial Services Limited, Price: 633.9, S: 628.2, R: 698.3
[DEBUG] NIFTY CAPITAL MARKETS match: Aditya Birla Sun Life AMC Limited, Price: 869.15, S: 877.55, R: 969.45
[DEBUG] NIFTY CAPITAL MARKETS match: UTI Asset Management Company Limited, Price: 940, S: 906.65, R: 970.55
[DEBUG] NIFTY CAPITAL MARKETS match: Multi Commodity Exchange of India Limited, Price: 2390, S: 2314.4, R: 2671.8
[DEBUG] NIFTY CAPITAL MARKETS match: BSE Limited, Price: 2684.5, S: 2685, R: 2995.6
[DEBUG] NIFTY CAPITAL MARKETS match: Central Depository Services (India) Limited, Price: 1121, S: 1121, R: 1233.6
[DEBUG] NIFTY CAPITAL MARKETS match: Angel One Limited, Price: 228.7, S: 216.63, R: 241.67
[DEBUG] NIFTY CAPITAL MARKETS match: Computer Age Management Services Limited, Price: 626.15, S: 622.45, R: 658.15
[DEBUG] NIFTY CAPITAL MARKETS match: 360 ONE WAM LIMITED, Price: 935, S: 939.5, R: 1069.8
[DEBUG] NIFTY CAPITAL MARKETS match: HDFC Asset Management Company Limited, Price: 2211.2, S: 2211.2, R: 2468.9
[DEBUG] NIFTY CAPITAL MARKETS match: Kfin Technologies Limited, Price: 870, S: 869.95, R: 943.8
[DEBUG] NIFTY CAPITAL MARKETS match: Indian Energy Exchange Limited, Price: 115.1, S: 114.88, R: 123.06
[DEBUG] NIFTY CAPITAL MARKETS match: Nippon Life India Asset Management Limited, Price: 799, S: 800, R: 884.8
[DEBUG] NIFTY CAPITAL MARKETS match: Anand Rathi Wealth Limited, Price: 3010.5, S: 2912.4, R: 3070.7
[DEBUG] NIFTY CAPITAL MARKETS match: Motilal Oswal Financial Services Limited, Price: 633.9, S: 628.2, R: 698.3
[DEBUG] NIFTY CAPITAL MARKETS match: Aditya Birla Sun Life AMC Limited, Price: 869.15, S: 877.55, R: 969.45
[DEBUG] NIFTY CAPITAL MARKETS match: UTI Asset Management Company Limited, Price: 940, S: 906.65, R: 970.55
[DEBUG] NIFTY CAPITAL MARKETS match: Multi Commodity Exchange of India Limited, Price: 2390, S: 2314.4, R: 2671.8
[DEBUG] NIFTY CAPITAL MARKETS match: BSE Limited, Price: 2684.5, S: 2685, R: 2995.6
[DEBUG] NIFTY CAPITAL MARKETS match: Central Depository Services (India) Limited, Price: 1121, S: 1121, R: 1233.6
[DEBUG] NIFTY CAPITAL MARKETS match: Angel One Limited, Price: 228.7, S: 216.63, R: 241.67
[DEBUG] NIFTY CAPITAL MARKETS match: Computer Age Management Services Limited, Price: 626.15, S: 622.45, R: 658.15
[DEBUG] NIFTY CAPITAL MARKETS match: 360 ONE WAM LIMITED, Price: 935, S: 939.5, R: 1069.8
[DEBUG] NIFTY CAPITAL MARKETS match: HDFC Asset Management Company Limited, Price: 2211.2, S: 2211.2, R: 2468.9
[DEBUG] NIFTY CAPITAL MARKETS match: Kfin Technologies Limited, Price: 870, S: 869.95, R: 943.8
[DEBUG] NIFTY CAPITAL MARKETS match: Indian Energy Exchange Limited, Price: 115.1, S: 114.88, R: 123.06
[DEBUG] NIFTY CAPITAL MARKETS match: Nippon Life India Asset Management Limited, Price: 799, S: 800, R: 884.8
[DEBUG] NIFTY CAPITAL MARKETS match: Anand Rathi Wealth Limited, Price: 3010.5, S: 2912.4, R: 3070.7
[DEBUG] NIFTY CAPITAL MARKETS match: Motilal Oswal Financial Services Limited, Price: 633.9, S: 628.2, R: 698.3
[DEBUG] NIFTY CAPITAL MARKETS match: Aditya Birla Sun Life AMC Limited, Price: 869.15, S: 877.55, R: 969.45
[DEBUG] NIFTY CAPITAL MARKETS match: UTI Asset Management Company Limited, Price: 940, S: 906.65, R: 970.55
[DEBUG] NIFTY CAPITAL MARKETS match: Multi Commodity Exchange of India Limited, Price: 2390, S: 2314.4, R: 2671.8
[DEBUG] NIFTY CAPITAL MARKETS match: BSE Limited, Price: 2684.5, S: 2685, R: 2995.6
[DEBUG] NIFTY CAPITAL MARKETS match: Central Depository Services (India) Limited, Price: 1121, S: 1121, R: 1233.6
[DEBUG] NIFTY CAPITAL MARKETS match: Angel One Limited, Price: 228.7, S: 216.63, R: 241.67
[DEBUG] NIFTY CAPITAL MARKETS match: Computer Age Management Services Limited, Price: 626.15, S: 622.45, R: 658.15
[DEBUG] NIFTY CAPITAL MARKETS match: 360 ONE WAM LIMITED, Price: 935, S: 939.5, R: 1069.8
[DEBUG] NIFTY CAPITAL MARKETS match: HDFC Asset Management Company Limited, Price: 2211.2, S: 2211.2, R: 2468.9
[DEBUG] NIFTY CAPITAL MARKETS match: Kfin Technologies Limited, Price: 870, S: 869.95, R: 943.8
[DEBUG] NIFTY CAPITAL MARKETS match: Indian Energy Exchange Limited, Price: 115.1, S: 114.88, R: 123.06
[DEBUG] NIFTY CAPITAL MARKETS match: Nippon Life India Asset Management Limited, Price: 799, S: 800, R: 884.8
[DEBUG] NIFTY CAPITAL MARKETS match: Anand Rathi Wealth Limited, Price: 3010.5, S: 2912.4, R: 3070.7
[DEBUG] NIFTY CAPITAL MARKETS match: Motilal Oswal Financial Services Limited, Price: 633.9, S: 628.2, R: 698.3
[DEBUG] NIFTY CAPITAL MARKETS match: Aditya Birla Sun Life AMC Limited, Price: 869.15, S: 877.55, R: 969.45
[DEBUG] NIFTY CAPITAL MARKETS match: UTI Asset Management Company Limited, Price: 940, S: 906.65, R: 970.55
[DEBUG] NIFTY CAPITAL MARKETS match: Multi Commodity Exchange of India Limited, Price: 2390, S: 2314.4, R: 2671.8
[DEBUG] NIFTY CAPITAL MARKETS match: BSE Limited, Price: 2684.5, S: 2685, R: 2995.6
[DEBUG] NIFTY CAPITAL MARKETS match: Central Depository Services (India) Limited, Price: 1121, S: 1121, R: 1233.6
[DEBUG] NIFTY CAPITAL MARKETS match: Angel One Limited, Price: 228.7, S: 216.63, R: 241.67
[DEBUG] NIFTY CAPITAL MARKETS match: Computer Age Management Services Limited, Price: 626.15, S: 622.45, R: 658.15
[DEBUG] NIFTY CAPITAL MARKETS match: 360 ONE WAM LIMITED, Price: 935, S: 939.5, R: 1069.8
[DEBUG] NIFTY CAPITAL MARKETS match: HDFC Asset Management Company Limited, Price: 2211.2, S: 2211.2, R: 2468.9
[DEBUG] NIFTY CAPITAL MARKETS match: Kfin Technologies Limited, Price: 870, S: 869.95, R: 943.8
[DEBUG] NIFTY CAPITAL MARKETS match: Indian Energy Exchange Limited, Price: 115.1, S: 114.88, R: 123.06
[DEBUG] NIFTY CAPITAL MARKETS match: Nippon Life India Asset Management Limited, Price: 799, S: 800, R: 884.8
[DEBUG] NIFTY CAPITAL MARKETS match: Anand Rathi Wealth Limited, Price: 3010.5, S: 2912.4, R: 3070.7
[DEBUG] NIFTY CAPITAL MARKETS match: Motilal Oswal Financial Services Limited, Price: 633.9, S: 628.2, R: 698.3
[DEBUG] NIFTY CAPITAL MARKETS match: Aditya Birla Sun Life AMC Limited, Price: 869.15, S: 877.55, R: 969.45
[DEBUG] NIFTY CAPITAL MARKETS match: UTI Asset Management Company Limited, Price: 940, S: 906.65, R: 970.55
[DEBUG] NIFTY CAPITAL MARKETS match: Multi Commodity Exchange of India Limited, Price: 2390, S: 2314.4, R: 2671.8
[DEBUG] NIFTY CAPITAL MARKETS match: BSE Limited, Price: 2684.5, S: 2685, R: 2995.6
[DEBUG] NIFTY CAPITAL MARKETS match: Central Depository Services (India) Limited, Price: 1121, S: 1121, R: 1233.6
[DEBUG] NIFTY CAPITAL MARKETS match: Angel One Limited, Price: 228.7, S: 216.63, R: 241.67
[DEBUG] NIFTY CAPITAL MARKETS match: Computer Age Management Services Limited, Price: 626.15, S: 622.45, R: 658.15
[DEBUG] NIFTY CAPITAL MARKETS match: 360 ONE WAM LIMITED, Price: 935, S: 939.5, R: 1069.8
[DEBUG] NIFTY CAPITAL MARKETS match: HDFC Asset Management Company Limited, Price: 2211.2, S: 2211.2, R: 2468.9
[DEBUG] NIFTY CAPITAL MARKETS match: Kfin Technologies Limited, Price: 870, S: 869.95, R: 943.8
[DEBUG] NIFTY CAPITAL MARKETS match: Indian Energy Exchange Limited, Price: 115.1, S: 114.88, R: 123.06
[DEBUG] NIFTY CAPITAL MARKETS match: Nippon Life India Asset Management Limited, Price: 799, S: 800, R: 884.8
[DEBUG] NIFTY CAPITAL MARKETS match: Anand Rathi Wealth Limited, Price: 3010.5, S: 2912.4, R: 3070.7
[DEBUG] NIFTY CAPITAL MARKETS match: Motilal Oswal Financial Services Limited, Price: 633.9, S: 628.2, R: 698.3
[DEBUG] NIFTY CAPITAL MARKETS match: Aditya Birla Sun Life AMC Limited, Price: 869.15, S: 877.55, R: 969.45
[DEBUG] NIFTY CAPITAL MARKETS match: UTI Asset Management Company Limited, Price: 940, S: 906.65, R: 970.55
[DEBUG] NIFTY CAPITAL MARKETS match: Multi Commodity Exchange of India Limited, Price: 2390, S: 2314.4, R: 2671.8
[DEBUG] NIFTY CAPITAL MARKETS match: BSE Limited, Price: 2684.5, S: 2685, R: 2995.6
[DEBUG] NIFTY CAPITAL MARKETS match: Central Depository Services (India) Limited, Price: 1121, S: 1121, R: 1233.6
[DEBUG] NIFTY CAPITAL MARKETS match: Angel One Limited, Price: 228.7, S: 216.63, R: 241.67
[DEBUG] NIFTY CAPITAL MARKETS match: Computer Age Management Services Limited, Price: 626.15, S: 622.45, R: 658.15
[DEBUG] NIFTY CAPITAL MARKETS match: 360 ONE WAM LIMITED, Price: 935, S: 939.5, R: 1069.8
[DEBUG] NIFTY CAPITAL MARKETS match: HDFC Asset Management Company Limited, Price: 2211.2, S: 2211.2, R: 2468.9
[DEBUG] NIFTY CAPITAL MARKETS match: Kfin Technologies Limited, Price: 870, S: 869.95, R: 943.8
[DEBUG] NIFTY CAPITAL MARKETS match: Indian Energy Exchange Limited, Price: 115.1, S: 114.88, R: 123.06
[DEBUG] NIFTY CAPITAL MARKETS match: Nippon Life India Asset Management Limited, Price: 799, S: 800, R: 884.8
[DEBUG] NIFTY CAPITAL MARKETS match: Anand Rathi Wealth Limited, Price: 3010.5, S: 2912.4, R: 3070.7
[DEBUG] NIFTY CAPITAL MARKETS match: Motilal Oswal Financial Services Limited, Price: 633.9, S: 628.2, R: 698.3
[DEBUG] NIFTY CAPITAL MARKETS match: Aditya Birla Sun Life AMC Limited, Price: 869.15, S: 877.55, R: 969.45
[DEBUG] NIFTY CAPITAL MARKETS match: UTI Asset Management Company Limited, Price: 940, S: 906.65, R: 970.55
[DEBUG] NIFTY CAPITAL MARKETS match: Multi Commodity Exchange of India Limited, Price: 2390, S: 2314.4, R: 2671.8
[DEBUG] NIFTY CAPITAL MARKETS match: BSE Limited, Price: 2684.5, S: 2685, R: 2995.6
[DEBUG] NIFTY CAPITAL MARKETS match: Central Depository Services (India) Limited, Price: 1121, S: 1121, R: 1233.6
[DEBUG] NIFTY CAPITAL MARKETS match: Angel One Limited, Price: 228.7, S: 216.63, R: 241.67
[DEBUG] NIFTY CAPITAL MARKETS match: Computer Age Management Services Limited, Price: 626.15, S: 622.45, R: 658.15
[DEBUG] NIFTY CAPITAL MARKETS match: 360 ONE WAM LIMITED, Price: 935, S: 939.5, R: 1069.8
[DEBUG] NIFTY CAPITAL MARKETS match: HDFC Asset Management Company Limited, Price: 2211.2, S: 2211.2, R: 2468.9
[DEBUG] NIFTY CAPITAL MARKETS match: Kfin Technologies Limited, Price: 870, S: 869.95, R: 943.8
[DEBUG] NIFTY CAPITAL MARKETS match: Indian Energy Exchange Limited, Price: 115.1, S: 114.88, R: 123.06
[DEBUG] NIFTY CAPITAL MARKETS match: Nippon Life India Asset Management Limited, Price: 799, S: 800, R: 884.8
[DEBUG] NIFTY CAPITAL MARKETS match: Anand Rathi Wealth Limited, Price: 3010.5, S: 2912.4, R: 3070.7
[DEBUG] NIFTY CAPITAL MARKETS match: Motilal Oswal Financial Services Limited, Price: 633.9, S: 628.2, R: 698.3
[DEBUG] NIFTY CAPITAL MARKETS match: Aditya Birla Sun Life AMC Limited, Price: 869.15, S: 877.55, R: 969.45
[DEBUG] NIFTY CAPITAL MARKETS match: UTI Asset Management Company Limited, Price: 940, S: 906.65, R: 970.55
[DEBUG] NIFTY CAPITAL MARKETS match: Multi Commodity Exchange of India Limited, Price: 2390, S: 2314.4, R: 2671.8
[DEBUG] NIFTY CAPITAL MARKETS match: BSE Limited, Price: 2684.5, S: 2685, R: 2995.6
[DEBUG] NIFTY CAPITAL MARKETS match: Central Depository Services (India) Limited, Price: 1121, S: 1121, R: 1233.6
[DEBUG] NIFTY CAPITAL MARKETS match: Angel One Limited, Price: 228.7, S: 216.63, R: 241.67
[DEBUG] NIFTY CAPITAL MARKETS match: Computer Age Management Services Limited, Price: 626.15, S: 622.45, R: 658.15
[DEBUG] NIFTY CAPITAL MARKETS match: 360 ONE WAM LIMITED, Price: 935, S: 939.5, R: 1069.8
[DEBUG] NIFTY CAPITAL MARKETS match: HDFC Asset Management Company Limited, Price: 2211.2, S: 2211.2, R: 2468.9
[DEBUG] NIFTY CAPITAL MARKETS match: Kfin Technologies Limited, Price: 870, S: 869.95, R: 943.8
[DEBUG] NIFTY CAPITAL MARKETS match: Indian Energy Exchange Limited, Price: 115.1, S: 114.88, R: 123.06
[DEBUG] NIFTY CAPITAL MARKETS match: Nippon Life India Asset Management Limited, Price: 799, S: 800, R: 884.8
[DEBUG] NIFTY CAPITAL MARKETS match: Anand Rathi Wealth Limited, Price: 3010.5, S: 2912.4, R: 3070.7
[DEBUG] NIFTY CAPITAL MARKETS match: Motilal Oswal Financial Services Limited, Price: 633.9, S: 628.2, R: 698.3
[DEBUG] NIFTY CAPITAL MARKETS match: Aditya Birla Sun Life AMC Limited, Price: 869.15, S: 877.55, R: 969.45
[DEBUG] NIFTY CAPITAL MARKETS match: UTI Asset Management Company Limited, Price: 940, S: 906.65, R: 970.55
[DEBUG] NIFTY CAPITAL MARKETS match: Multi Commodity Exchange of India Limited, Price: 2390, S: 2314.4, R: 2671.8
[DEBUG] NIFTY CAPITAL MARKETS match: BSE Limited, Price: 2684.5, S: 2685, R: 2995.6
[DEBUG] NIFTY CAPITAL MARKETS match: Central Depository Services (India) Limited, Price: 1121, S: 1121, R: 1233.6
[DEBUG] NIFTY CAPITAL MARKETS match: Angel One Limited, Price: 228.7, S: 216.63, R: 241.67
[DEBUG] NIFTY CAPITAL MARKETS match: Computer Age Management Services Limited, Price: 626.15, S: 622.45, R: 658.15
[DEBUG] NIFTY CAPITAL MARKETS match: 360 ONE WAM LIMITED, Price: 935, S: 939.5, R: 1069.8
[DEBUG] NIFTY CAPITAL MARKETS match: HDFC Asset Management Company Limited, Price: 2211.2, S: 2211.2, R: 2468.9
[DEBUG] NIFTY CAPITAL MARKETS match: Kfin Technologies Limited, Price: 870, S: 869.95, R: 943.8
[DEBUG] NIFTY CAPITAL MARKETS match: Indian Energy Exchange Limited, Price: 115.1, S: 114.88, R: 123.06
[DEBUG] NIFTY CAPITAL MARKETS match: Nippon Life India Asset Management Limited, Price: 799, S: 800, R: 884.8
[DEBUG] NIFTY CAPITAL MARKETS match: Anand Rathi Wealth Limited, Price: 3010.5, S: 2912.4, R: 3070.7
[DEBUG] NIFTY CAPITAL MARKETS match: Motilal Oswal Financial Services Limited, Price: 633.9, S: 628.2, R: 698.3
[DEBUG] NIFTY CAPITAL MARKETS match: Aditya Birla Sun Life AMC Limited, Price: 869.15, S: 877.55, R: 969.45
[DEBUG] NIFTY CAPITAL MARKETS match: UTI Asset Management Company Limited, Price: 940, S: 906.65, R: 970.55
[DEBUG] NIFTY CAPITAL MARKETS match: Multi Commodity Exchange of India Limited, Price: 2390, S: 2314.4, R: 2671.8
[DEBUG] NIFTY CAPITAL MARKETS match: BSE Limited, Price: 2684.5, S: 2685, R: 2995.6
[DEBUG] NIFTY CAPITAL MARKETS match: Central Depository Services (India) Limited, Price: 1121, S: 1121, R: 1233.6
[DEBUG] NIFTY CAPITAL MARKETS match: Angel One Limited, Price: 228.7, S: 216.63, R: 241.67
[DEBUG] NIFTY CAPITAL MARKETS match: Computer Age Management Services Limited, Price: 626.15, S: 622.45, R: 658.15
[DEBUG] NIFTY CAPITAL MARKETS match: 360 ONE WAM LIMITED, Price: 935, S: 939.5, R: 1069.8
[DEBUG] NIFTY CAPITAL MARKETS match: HDFC Asset Management Company Limited, Price: 2211.2, S: 2211.2, R: 2468.9
[DEBUG] NIFTY CAPITAL MARKETS match: Kfin Technologies Limited, Price: 870, S: 869.95, R: 943.8
[DEBUG] NIFTY CAPITAL MARKETS match: Indian Energy Exchange Limited, Price: 115.1, S: 114.88, R: 123.06
[DEBUG] NIFTY CAPITAL MARKETS match: Nippon Life India Asset Management Limited, Price: 799, S: 800, R: 884.8
[DEBUG] NIFTY CAPITAL MARKETS match: Anand Rathi Wealth Limited, Price: 3010.5, S: 2912.4, R: 3070.7
[DEBUG] NIFTY CAPITAL MARKETS match: Motilal Oswal Financial Services Limited, Price: 633.9, S: 628.2, R: 698.3
[DEBUG] NIFTY CAPITAL MARKETS match: Aditya Birla Sun Life AMC Limited, Price: 869.15, S: 877.55, R: 969.45
[DEBUG] NIFTY CAPITAL MARKETS match: UTI Asset Management Company Limited, Price: 940, S: 906.65, R: 970.55
[DEBUG] NIFTY CAPITAL MARKETS match: Multi Commodity Exchange of India Limited, Price: 2390, S: 2314.4, R: 2671.8
[DEBUG] NIFTY CAPITAL MARKETS match: BSE Limited, Price: 2684.5, S: 2685, R: 2995.6
[DEBUG] NIFTY CAPITAL MARKETS match: Central Depository Services (India) Limited, Price: 1121, S: 1121, R: 1233.6
[DEBUG] NIFTY CAPITAL MARKETS match: Angel One Limited, Price: 228.7, S: 216.63, R: 241.67
[DEBUG] NIFTY CAPITAL MARKETS match: Computer Age Management Services Limited, Price: 626.15, S: 622.45, R: 658.15
[DEBUG] NIFTY CAPITAL MARKETS match: 360 ONE WAM LIMITED, Price: 935, S: 939.5, R: 1069.8
[DEBUG] NIFTY CAPITAL MARKETS match: HDFC Asset Management Company Limited, Price: 2211.2, S: 2211.2, R: 2468.9
[DEBUG] NIFTY CAPITAL MARKETS match: Kfin Technologies Limited, Price: 870, S: 869.95, R: 943.8
[DEBUG] NIFTY CAPITAL MARKETS match: Indian Energy Exchange Limited, Price: 115.1, S: 114.88, R: 123.06
[DEBUG] NIFTY CAPITAL MARKETS match: Nippon Life India Asset Management Limited, Price: 799, S: 800, R: 884.8
[DEBUG] NIFTY CAPITAL MARKETS match: Anand Rathi Wealth Limited, Price: 3010.5, S: 2912.4, R: 3070.7
[DEBUG] NIFTY CAPITAL MARKETS match: Motilal Oswal Financial Services Limited, Price: 633.9, S: 628.2, R: 698.3
[DEBUG] NIFTY CAPITAL MARKETS match: Aditya Birla Sun Life AMC Limited, Price: 869.15, S: 877.55, R: 969.45
[DEBUG] NIFTY CAPITAL MARKETS match: UTI Asset Management Company Limited, Price: 940, S: 906.65, R: 970.55
[DEBUG] NIFTY CAPITAL MARKETS match: Multi Commodity Exchange of India Limited, Price: 2390, S: 2314.4, R: 2671.8
[DEBUG] NIFTY CAPITAL MARKETS match: BSE Limited, Price: 2684.5, S: 2685, R: 2995.6
[DEBUG] NIFTY CAPITAL MARKETS match: Central Depository Services (India) Limited, Price: 1121, S: 1121, R: 1233.6
[DEBUG] NIFTY CAPITAL MARKETS match: Angel One Limited, Price: 228.7, S: 216.63, R: 241.67
[DEBUG] NIFTY CAPITAL MARKETS match: Computer Age Management Services Limited, Price: 626.15, S: 622.45, R: 658.15
[DEBUG] NIFTY CAPITAL MARKETS match: 360 ONE WAM LIMITED, Price: 935, S: 939.5, R: 1069.8
[DEBUG] NIFTY CAPITAL MARKETS match: HDFC Asset Management Company Limited, Price: 2211.2, S: 2211.2, R: 2468.9
[DEBUG] NIFTY CAPITAL MARKETS match: Kfin Technologies Limited, Price: 870, S: 869.95, R: 943.8
[DEBUG] NIFTY CAPITAL MARKETS match: Indian Energy Exchange Limited, Price: 115.1, S: 114.88, R: 123.06
[DEBUG] NIFTY CAPITAL MARKETS match: Nippon Life India Asset Management Limited, Price: 799, S: 800, R: 884.8
[DEBUG] NIFTY CAPITAL MARKETS match: Anand Rathi Wealth Limited, Price: 3010.5, S: 2912.4, R: 3070.7
[DEBUG] NIFTY CAPITAL MARKETS match: Motilal Oswal Financial Services Limited, Price: 633.9, S: 628.2, R: 698.3
[DEBUG] NIFTY CAPITAL MARKETS match: Aditya Birla Sun Life AMC Limited, Price: 869.15, S: 877.55, R: 969.45
[DEBUG] NIFTY CAPITAL MARKETS match: UTI Asset Management Company Limited, Price: 940, S: 906.65, R: 970.55
[DEBUG] NIFTY CAPITAL MARKETS match: Multi Commodity Exchange of India Limited, Price: 2390, S: 2314.4, R: 2671.8
[DEBUG] NIFTY CAPITAL MARKETS match: BSE Limited, Price: 2684.5, S: 2685, R: 2995.6
[DEBUG] NIFTY CAPITAL MARKETS match: Central Depository Services (India) Limited, Price: 1121, S: 1121, R: 1233.6
[DEBUG] NIFTY CAPITAL MARKETS match: Angel One Limited, Price: 228.7, S: 216.63, R: 241.67
[DEBUG] NIFTY CAPITAL MARKETS match: Computer Age Management Services Limited, Price: 626.15, S: 622.45, R: 658.15
[DEBUG] NIFTY CAPITAL MARKETS match: 360 ONE WAM LIMITED, Price: 935, S: 939.5, R: 1069.8
[DEBUG] NIFTY CAPITAL MARKETS match: HDFC Asset Management Company Limited, Price: 2211.2, S: 2211.2, R: 2468.9
[DEBUG] NIFTY CAPITAL MARKETS match: Kfin Technologies Limited, Price: 870, S: 869.95, R: 943.8
[DEBUG] NIFTY CAPITAL MARKETS match: Indian Energy Exchange Limited, Price: 115.1, S: 114.88, R: 123.06
[DEBUG] NIFTY CAPITAL MARKETS match: Nippon Life India Asset Management Limited, Price: 799, S: 800, R: 884.8
[DEBUG] NIFTY CAPITAL MARKETS match: Anand Rathi Wealth Limited, Price: 3010.5, S: 2912.4, R: 3070.7
[DEBUG] NIFTY CAPITAL MARKETS match: Motilal Oswal Financial Services Limited, Price: 633.9, S: 628.2, R: 698.3
[DEBUG] NIFTY CAPITAL MARKETS match: Aditya Birla Sun Life AMC Limited, Price: 869.15, S: 877.55, R: 969.45
[DEBUG] NIFTY CAPITAL MARKETS match: UTI Asset Management Company Limited, Price: 940, S: 906.65, R: 970.55
[DEBUG] NIFTY CAPITAL MARKETS match: Multi Commodity Exchange of India Limited, Price: 2390, S: 2314.4, R: 2671.8
[DEBUG] NIFTY CAPITAL MARKETS match: BSE Limited, Price: 2684.5, S: 2685, R: 2995.6
[DEBUG] NIFTY CAPITAL MARKETS match: Central Depository Services (India) Limited, Price: 1121, S: 1121, R: 1233.6
[DEBUG] NIFTY CAPITAL MARKETS match: Angel One Limited, Price: 228.7, S: 216.63, R: 241.67
[DEBUG] NIFTY CAPITAL MARKETS match: Computer Age Management Services Limited, Price: 626.15, S: 622.45, R: 658.15
[DEBUG] NIFTY CAPITAL MARKETS match: 360 ONE WAM LIMITED, Price: 935, S: 939.5, R: 1069.8
[DEBUG] NIFTY CAPITAL MARKETS match: HDFC Asset Management Company Limited, Price: 2211.2, S: 2211.2, R: 2468.9
[DEBUG] NIFTY CAPITAL MARKETS match: Kfin Technologies Limited, Price: 870, S: 869.95, R: 943.8
[DEBUG] NIFTY CAPITAL MARKETS match: Indian Energy Exchange Limited, Price: 115.1, S: 114.88, R: 123.06
[DEBUG] NIFTY CAPITAL MARKETS match: Nippon Life India Asset Management Limited, Price: 799, S: 800, R: 884.8
[DEBUG] NIFTY CAPITAL MARKETS match: Anand Rathi Wealth Limited, Price: 3010.5, S: 2912.4, R: 3070.7
[DEBUG] NIFTY CAPITAL MARKETS match: Motilal Oswal Financial Services Limited, Price: 633.9, S: 628.2, R: 698.3
[DEBUG] NIFTY CAPITAL MARKETS match: Aditya Birla Sun Life AMC Limited, Price: 869.15, S: 877.55, R: 969.45
[DEBUG] NIFTY CAPITAL MARKETS match: UTI Asset Management Company Limited, Price: 940, S: 906.65, R: 970.55
[DEBUG] NIFTY CAPITAL MARKETS match: Multi Commodity Exchange of India Limited, Price: 2390, S: 2314.4, R: 2671.8
[DEBUG] NIFTY CAPITAL MARKETS match: BSE Limited, Price: 2684.5, S: 2685, R: 2995.6
[DEBUG] NIFTY CAPITAL MARKETS match: Central Depository Services (India) Limited, Price: 1121, S: 1121, R: 1233.6
[DEBUG] NIFTY CAPITAL MARKETS match: Angel One Limited, Price: 228.7, S: 216.63, R: 241.67
[DEBUG] NIFTY CAPITAL MARKETS match: Computer Age Management Services Limited, Price: 626.15, S: 622.45, R: 658.15
[DEBUG] NIFTY CAPITAL MARKETS match: 360 ONE WAM LIMITED, Price: 935, S: 939.5, R: 1069.8
[DEBUG] NIFTY CAPITAL MARKETS match: HDFC Asset Management Company Limited, Price: 2211.2, S: 2211.2, R: 2468.9
[DEBUG] NIFTY CAPITAL MARKETS match: Kfin Technologies Limited, Price: 870, S: 869.95, R: 943.8
[DEBUG] NIFTY CAPITAL MARKETS match: Indian Energy Exchange Limited, Price: 115.1, S: 114.88, R: 123.06
[DEBUG] NIFTY CAPITAL MARKETS match: Nippon Life India Asset Management Limited, Price: 799, S: 800, R: 884.8
[DEBUG] NIFTY CAPITAL MARKETS match: Anand Rathi Wealth Limited, Price: 3010.5, S: 2912.4, R: 3070.7
[DEBUG] NIFTY CAPITAL MARKETS match: Motilal Oswal Financial Services Limited, Price: 633.9, S: 628.2, R: 698.3
[DEBUG] NIFTY CAPITAL MARKETS match: Aditya Birla Sun Life AMC Limited, Price: 869.15, S: 877.55, R: 969.45
[DEBUG] NIFTY CAPITAL MARKETS match: UTI Asset Management Company Limited, Price: 940, S: 906.65, R: 970.55
[DEBUG] NIFTY CAPITAL MARKETS match: Multi Commodity Exchange of India Limited, Price: 2390, S: 2314.4, R: 2671.8
[DEBUG] NIFTY CAPITAL MARKETS match: BSE Limited, Price: 2684.5, S: 2685, R: 2995.6
[DEBUG] NIFTY CAPITAL MARKETS match: Central Depository Services (India) Limited, Price: 1121, S: 1121, R: 1233.6
[DEBUG] NIFTY CAPITAL MARKETS match: Angel One Limited, Price: 228.7, S: 216.63, R: 241.67
[DEBUG] NIFTY CAPITAL MARKETS match: Computer Age Management Services Limited, Price: 626.15, S: 622.45, R: 658.15
[DEBUG] NIFTY CAPITAL MARKETS match: 360 ONE WAM LIMITED, Price: 935, S: 939.5, R: 1069.8
[DEBUG] NIFTY CAPITAL MARKETS match: HDFC Asset Management Company Limited, Price: 2211.2, S: 2211.2, R: 2468.9
[DEBUG] NIFTY CAPITAL MARKETS match: Kfin Technologies Limited, Price: 870, S: 869.95, R: 943.8
[DEBUG] NIFTY CAPITAL MARKETS match: Indian Energy Exchange Limited, Price: 115.1, S: 114.88, R: 123.06
[DEBUG] NIFTY CAPITAL MARKETS match: Nippon Life India Asset Management Limited, Price: 799, S: 800, R: 884.8
[DEBUG] NIFTY CAPITAL MARKETS match: Anand Rathi Wealth Limited, Price: 3010.5, S: 2912.4, R: 3070.7
[DEBUG] NIFTY CAPITAL MARKETS match: Motilal Oswal Financial Services Limited, Price: 633.9, S: 628.2, R: 698.3
[DEBUG] NIFTY CAPITAL MARKETS match: Aditya Birla Sun Life AMC Limited, Price: 869.15, S: 877.55, R: 969.45
[DEBUG] NIFTY CAPITAL MARKETS match: UTI Asset Management Company Limited, Price: 940, S: 906.65, R: 970.55
[DEBUG] NIFTY CAPITAL MARKETS match: Multi Commodity Exchange of India Limited, Price: 2390, S: 2314.4, R: 2671.8
[DEBUG] NIFTY CAPITAL MARKETS match: BSE Limited, Price: 2684.5, S: 2685, R: 2995.6
[DEBUG] NIFTY CAPITAL MARKETS match: Central Depository Services (India) Limited, Price: 1121, S: 1121, R: 1233.6
[DEBUG] NIFTY CAPITAL MARKETS match: Angel One Limited, Price: 228.7, S: 216.63, R: 241.67
[DEBUG] NIFTY CAPITAL MARKETS match: Computer Age Management Services Limited, Price: 626.15, S: 622.45, R: 658.15
[DEBUG] NIFTY CAPITAL MARKETS match: 360 ONE WAM LIMITED, Price: 935, S: 939.5, R: 1069.8
[DEBUG] NIFTY CAPITAL MARKETS match: HDFC Asset Management Company Limited, Price: 2211.2, S: 2211.2, R: 2468.9
[DEBUG] NIFTY CAPITAL MARKETS match: Kfin Technologies Limited, Price: 870, S: 869.95, R: 943.8
[DEBUG] NIFTY CAPITAL MARKETS match: Indian Energy Exchange Limited, Price: 115.1, S: 114.88, R: 123.06
[DEBUG] NIFTY CAPITAL MARKETS match: Nippon Life India Asset Management Limited, Price: 799, S: 800, R: 884.8
[DEBUG] NIFTY CAPITAL MARKETS match: Anand Rathi Wealth Limited, Price: 3010.5, S: 2912.4, R: 3070.7
[DEBUG] NIFTY CAPITAL MARKETS match: Motilal Oswal Financial Services Limited, Price: 633.9, S: 628.2, R: 698.3
[DEBUG] NIFTY CAPITAL MARKETS match: Aditya Birla Sun Life AMC Limited, Price: 869.15, S: 877.55, R: 969.45
[DEBUG] NIFTY CAPITAL MARKETS match: UTI Asset Management Company Limited, Price: 940, S: 906.65, R: 970.55
[DEBUG] NIFTY CAPITAL MARKETS match: Multi Commodity Exchange of India Limited, Price: 2390, S: 2314.4, R: 2671.8
[DEBUG] NIFTY CAPITAL MARKETS match: BSE Limited, Price: 2684.5, S: 2685, R: 2995.6
[DEBUG] NIFTY CAPITAL MARKETS match: Central Depository Services (India) Limited, Price: 1121, S: 1121, R: 1233.6
[DEBUG] NIFTY CAPITAL MARKETS match: Angel One Limited, Price: 228.7, S: 216.63, R: 241.67
[DEBUG] NIFTY CAPITAL MARKETS match: Computer Age Management Services Limited, Price: 626.15, S: 622.45, R: 658.15
[DEBUG] NIFTY CAPITAL MARKETS match: 360 ONE WAM LIMITED, Price: 935, S: 939.5, R: 1069.8
[DEBUG] NIFTY CAPITAL MARKETS match: HDFC Asset Management Company Limited, Price: 2211.2, S: 2211.2, R: 2468.9
[DEBUG] NIFTY CAPITAL MARKETS match: Kfin Technologies Limited, Price: 870, S: 869.95, R: 943.8
[DEBUG] NIFTY CAPITAL MARKETS match: Indian Energy Exchange Limited, Price: 115.1, S: 114.88, R: 123.06
[DEBUG] NIFTY CAPITAL MARKETS match: Nippon Life India Asset Management Limited, Price: 799, S: 800, R: 884.8
[DEBUG] NIFTY CAPITAL MARKETS match: Anand Rathi Wealth Limited, Price: 3010.5, S: 2912.4, R: 3070.7
[DEBUG] NIFTY CAPITAL MARKETS match: Motilal Oswal Financial Services Limited, Price: 633.9, S: 628.2, R: 698.3
[DEBUG] NIFTY CAPITAL MARKETS match: Aditya Birla Sun Life AMC Limited, Price: 869.15, S: 877.55, R: 969.45
[DEBUG] NIFTY CAPITAL MARKETS match: UTI Asset Management Company Limited, Price: 940, S: 906.65, R: 970.55
[DEBUG] NIFTY CAPITAL MARKETS match: Multi Commodity Exchange of India Limited, Price: 2390, S: 2314.4, R: 2671.8
[DEBUG] NIFTY CAPITAL MARKETS match: BSE Limited, Price: 2684.5, S: 2685, R: 2995.6
[DEBUG] NIFTY CAPITAL MARKETS match: Central Depository Services (India) Limited, Price: 1121, S: 1121, R: 1233.6
[DEBUG] NIFTY CAPITAL MARKETS match: Angel One Limited, Price: 228.7, S: 216.63, R: 241.67
[DEBUG] NIFTY CAPITAL MARKETS match: Computer Age Management Services Limited, Price: 626.15, S: 622.45, R: 658.15
[DEBUG] NIFTY CAPITAL MARKETS match: 360 ONE WAM LIMITED, Price: 935, S: 939.5, R: 1069.8
[DEBUG] NIFTY CAPITAL MARKETS match: HDFC Asset Management Company Limited, Price: 2211.2, S: 2211.2, R: 2468.9
[DEBUG] NIFTY CAPITAL MARKETS match: Kfin Technologies Limited, Price: 870, S: 869.95, R: 943.8
[DEBUG] NIFTY CAPITAL MARKETS match: Indian Energy Exchange Limited, Price: 115.1, S: 114.88, R: 123.06
[DEBUG] NIFTY CAPITAL MARKETS match: Nippon Life India Asset Management Limited, Price: 799, S: 800, R: 884.8
[DEBUG] NIFTY CAPITAL MARKETS match: Anand Rathi Wealth Limited, Price: 3010.5, S: 2912.4, R: 3070.7
[DEBUG] NIFTY CAPITAL MARKETS match: Motilal Oswal Financial Services Limited, Price: 633.9, S: 628.2, R: 698.3
[DEBUG] NIFTY CAPITAL MARKETS match: Aditya Birla Sun Life AMC Limited, Price: 869.15, S: 877.55, R: 969.45
[DEBUG] NIFTY CAPITAL MARKETS match: UTI Asset Management Company Limited, Price: 940, S: 906.65, R: 970.55
[DEBUG] NIFTY CAPITAL MARKETS match: Multi Commodity Exchange of India Limited, Price: 2390, S: 2314.4, R: 2671.8
[DEBUG] NIFTY CAPITAL MARKETS match: BSE Limited, Price: 2684.5, S: 2685, R: 2995.6
[DEBUG] NIFTY CAPITAL MARKETS match: Central Depository Services (India) Limited, Price: 1121, S: 1121, R: 1233.6
[DEBUG] NIFTY CAPITAL MARKETS match: Angel One Limited, Price: 228.7, S: 216.63, R: 241.67
[DEBUG] NIFTY CAPITAL MARKETS match: Computer Age Management Services Limited, Price: 626.15, S: 622.45, R: 658.15
[DEBUG] NIFTY CAPITAL MARKETS match: 360 ONE WAM LIMITED, Price: 935, S: 939.5, R: 1069.8
[DEBUG] NIFTY CAPITAL MARKETS match: HDFC Asset Management Company Limited, Price: 2211.2, S: 2211.2, R: 2468.9
[DEBUG] NIFTY CAPITAL MARKETS match: Kfin Technologies Limited, Price: 870, S: 869.95, R: 943.8
[DEBUG] NIFTY CAPITAL MARKETS match: Indian Energy Exchange Limited, Price: 115.1, S: 114.88, R: 123.06
[DEBUG] NIFTY CAPITAL MARKETS match: Nippon Life India Asset Management Limited, Price: 799, S: 800, R: 884.8
[DEBUG] NIFTY CAPITAL MARKETS match: Anand Rathi Wealth Limited, Price: 3010.5, S: 2912.4, R: 3070.7
[DEBUG] NIFTY CAPITAL MARKETS match: Motilal Oswal Financial Services Limited, Price: 633.9, S: 628.2, R: 698.3
[DEBUG] NIFTY CAPITAL MARKETS match: Aditya Birla Sun Life AMC Limited, Price: 869.15, S: 877.55, R: 969.45
[DEBUG] NIFTY CAPITAL MARKETS match: UTI Asset Management Company Limited, Price: 940, S: 906.65, R: 970.55
[DEBUG] NIFTY CAPITAL MARKETS match: Multi Commodity Exchange of India Limited, Price: 2390, S: 2314.4, R: 2671.8
[DEBUG] NIFTY CAPITAL MARKETS match: BSE Limited, Price: 2684.5, S: 2685, R: 2995.6
[DEBUG] NIFTY CAPITAL MARKETS match: Central Depository Services (India) Limited, Price: 1121, S: 1121, R: 1233.6
[DEBUG] NIFTY CAPITAL MARKETS match: Angel One Limited, Price: 228.7, S: 216.63, R: 241.67
[DEBUG] NIFTY CAPITAL MARKETS match: Computer Age Management Services Limited, Price: 626.15, S: 622.45, R: 658.15
[DEBUG] NIFTY CAPITAL MARKETS match: 360 ONE WAM LIMITED, Price: 935, S: 939.5, R: 1069.8
[DEBUG] NIFTY CAPITAL MARKETS match: HDFC Asset Management Company Limited, Price: 2211.2, S: 2211.2, R: 2468.9
[DEBUG] NIFTY CAPITAL MARKETS match: Kfin Technologies Limited, Price: 870, S: 869.95, R: 943.8
[DEBUG] NIFTY CAPITAL MARKETS match: Indian Energy Exchange Limited, Price: 115.1, S: 114.88, R: 123.06
[DEBUG] NIFTY CAPITAL MARKETS match: Nippon Life India Asset Management Limited, Price: 799, S: 800, R: 884.8
[DEBUG] NIFTY CAPITAL MARKETS match: Anand Rathi Wealth Limited, Price: 3010.5, S: 2912.4, R: 3070.7
[DEBUG] NIFTY CAPITAL MARKETS match: Motilal Oswal Financial Services Limited, Price: 633.9, S: 628.2, R: 698.3
[DEBUG] NIFTY CAPITAL MARKETS match: Aditya Birla Sun Life AMC Limited, Price: 869.15, S: 877.55, R: 969.45
[DEBUG] NIFTY CAPITAL MARKETS match: UTI Asset Management Company Limited, Price: 940, S: 906.65, R: 970.55
[DEBUG] NIFTY CAPITAL MARKETS match: Multi Commodity Exchange of India Limited, Price: 2390, S: 2314.4, R: 2671.8
[DEBUG] NIFTY CAPITAL MARKETS match: BSE Limited, Price: 2684.5, S: 2685, R: 2995.6
[DEBUG] NIFTY CAPITAL MARKETS match: Central Depository Services (India) Limited, Price: 1121, S: 1121, R: 1233.6
[DEBUG] NIFTY CAPITAL MARKETS match: Angel One Limited, Price: 228.7, S: 216.63, R: 241.67
[DEBUG] NIFTY CAPITAL MARKETS match: Computer Age Management Services Limited, Price: 626.15, S: 622.45, R: 658.15
[DEBUG] NIFTY CAPITAL MARKETS match: 360 ONE WAM LIMITED, Price: 935, S: 939.5, R: 1069.8
[DEBUG] NIFTY CAPITAL MARKETS match: HDFC Asset Management Company Limited, Price: 2211.2, S: 2211.2, R: 2468.9
[DEBUG] NIFTY CAPITAL MARKETS match: Kfin Technologies Limited, Price: 870, S: 869.95, R: 943.8
[DEBUG] NIFTY CAPITAL MARKETS match: Indian Energy Exchange Limited, Price: 115.1, S: 114.88, R: 123.06
[DEBUG] NIFTY CAPITAL MARKETS match: Nippon Life India Asset Management Limited, Price: 799, S: 800, R: 884.8
[DEBUG] NIFTY CAPITAL MARKETS match: Anand Rathi Wealth Limited, Price: 3010.5, S: 2912.4, R: 3070.7
[DEBUG] NIFTY CAPITAL MARKETS match: Motilal Oswal Financial Services Limited, Price: 633.9, S: 628.2, R: 698.3
[DEBUG] NIFTY CAPITAL MARKETS match: Aditya Birla Sun Life AMC Limited, Price: 869.15, S: 877.55, R: 969.45
[DEBUG] NIFTY CAPITAL MARKETS match: UTI Asset Management Company Limited, Price: 940, S: 906.65, R: 970.55
[DEBUG] NIFTY CAPITAL MARKETS match: Multi Commodity Exchange of India Limited, Price: 2390, S: 2314.4, R: 2671.8
[DEBUG] NIFTY CAPITAL MARKETS match: BSE Limited, Price: 2684.5, S: 2685, R: 2995.6
[DEBUG] NIFTY CAPITAL MARKETS match: Central Depository Services (India) Limited, Price: 1121, S: 1121, R: 1233.6
[DEBUG] NIFTY CAPITAL MARKETS match: Angel One Limited, Price: 228.7, S: 216.63, R: 241.67
[DEBUG] NIFTY CAPITAL MARKETS match: Computer Age Management Services Limited, Price: 626.15, S: 622.45, R: 658.15
[DEBUG] NIFTY CAPITAL MARKETS match: 360 ONE WAM LIMITED, Price: 935, S: 939.5, R: 1069.8
[DEBUG] NIFTY CAPITAL MARKETS match: HDFC Asset Management Company Limited, Price: 2211.2, S: 2211.2, R: 2468.9
[DEBUG] NIFTY CAPITAL MARKETS match: Kfin Technologies Limited, Price: 870, S: 869.95, R: 943.8
[DEBUG] NIFTY CAPITAL MARKETS match: Indian Energy Exchange Limited, Price: 115.1, S: 114.88, R: 123.06
[DEBUG] NIFTY CAPITAL MARKETS match: Nippon Life India Asset Management Limited, Price: 799, S: 800, R: 884.8
[DEBUG] NIFTY CAPITAL MARKETS match: Anand Rathi Wealth Limited, Price: 3010.5, S: 2912.4, R: 3070.7
[DEBUG] NIFTY CAPITAL MARKETS match: Motilal Oswal Financial Services Limited, Price: 633.9, S: 628.2, R: 698.3
[DEBUG] NIFTY CAPITAL MARKETS match: Aditya Birla Sun Life AMC Limited, Price: 869.15, S: 877.55, R: 969.45
[DEBUG] NIFTY CAPITAL MARKETS match: UTI Asset Management Company Limited, Price: 940, S: 906.65, R: 970.55
[DEBUG] NIFTY CAPITAL MARKETS match: Multi Commodity Exchange of India Limited, Price: 2390, S: 2314.4, R: 2671.8
[DEBUG] NIFTY CAPITAL MARKETS match: BSE Limited, Price: 2684.5, S: 2685, R: 2995.6
[DEBUG] NIFTY CAPITAL MARKETS match: Central Depository Services (India) Limited, Price: 1121, S: 1121, R: 1233.6
[DEBUG] NIFTY CAPITAL MARKETS match: Angel One Limited, Price: 228.7, S: 216.63, R: 241.67
[DEBUG] NIFTY CAPITAL MARKETS match: Computer Age Management Services Limited, Price: 626.15, S: 622.45, R: 658.15
[DEBUG] NIFTY CAPITAL MARKETS match: 360 ONE WAM LIMITED, Price: 935, S: 939.5, R: 1069.8
[DEBUG] NIFTY CAPITAL MARKETS match: HDFC Asset Management Company Limited, Price: 2211.2, S: 2211.2, R: 2468.9
[DEBUG] NIFTY CAPITAL MARKETS match: Kfin Technologies Limited, Price: 870, S: 869.95, R: 943.8
[DEBUG] NIFTY CAPITAL MARKETS match: Indian Energy Exchange Limited, Price: 115.1, S: 114.88, R: 123.06
[DEBUG] NIFTY CAPITAL MARKETS match: Nippon Life India Asset Management Limited, Price: 799, S: 800, R: 884.8
[DEBUG] NIFTY CAPITAL MARKETS match: Anand Rathi Wealth Limited, Price: 3010.5, S: 2912.4, R: 3070.7
[DEBUG] NIFTY CAPITAL MARKETS match: Motilal Oswal Financial Services Limited, Price: 633.9, S: 628.2, R: 698.3
[DEBUG] NIFTY CAPITAL MARKETS match: Aditya Birla Sun Life AMC Limited, Price: 869.15, S: 877.55, R: 969.45
[DEBUG] NIFTY CAPITAL MARKETS match: UTI Asset Management Company Limited, Price: 940, S: 906.65, R: 970.55
[DEBUG] NIFTY CAPITAL MARKETS match: Multi Commodity Exchange of India Limited, Price: 2390, S: 2314.4, R: 2671.8
[DEBUG] NIFTY CAPITAL MARKETS match: BSE Limited, Price: 2684.5, S: 2685, R: 2995.6
[DEBUG] NIFTY CAPITAL MARKETS match: Central Depository Services (India) Limited, Price: 1121, S: 1121, R: 1233.6
[DEBUG] NIFTY CAPITAL MARKETS match: Angel One Limited, Price: 228.7, S: 216.63, R: 241.67
[DEBUG] NIFTY CAPITAL MARKETS match: Computer Age Management Services Limited, Price: 626.15, S: 622.45, R: 658.15
[DEBUG] NIFTY CAPITAL MARKETS match: 360 ONE WAM LIMITED, Price: 935, S: 939.5, R: 1069.8
[DEBUG] NIFTY CAPITAL MARKETS match: HDFC Asset Management Company Limited, Price: 2211.2, S: 2211.2, R: 2468.9
[DEBUG] NIFTY CAPITAL MARKETS match: Kfin Technologies Limited, Price: 870, S: 869.95, R: 943.8
[DEBUG] NIFTY CAPITAL MARKETS match: Indian Energy Exchange Limited, Price: 115.1, S: 114.88, R: 123.06
[DEBUG] NIFTY CAPITAL MARKETS match: Nippon Life India Asset Management Limited, Price: 799, S: 800, R: 884.8
[DEBUG] NIFTY CAPITAL MARKETS match: Anand Rathi Wealth Limited, Price: 3010.5, S: 2912.4, R: 3070.7
[DEBUG] NIFTY CAPITAL MARKETS match: Motilal Oswal Financial Services Limited, Price: 633.9, S: 628.2, R: 698.3
[DEBUG] NIFTY CAPITAL MARKETS match: Aditya Birla Sun Life AMC Limited, Price: 869.15, S: 877.55, R: 969.45
[DEBUG] NIFTY CAPITAL MARKETS match: UTI Asset Management Company Limited, Price: 940, S: 906.65, R: 970.55
[DEBUG] NIFTY CAPITAL MARKETS match: Multi Commodity Exchange of India Limited, Price: 2390, S: 2314.4, R: 2671.8
[DEBUG] NIFTY CAPITAL MARKETS match: BSE Limited, Price: 2684.5, S: 2685, R: 2995.6
[DEBUG] NIFTY CAPITAL MARKETS match: Central Depository Services (India) Limited, Price: 1121, S: 1121, R: 1233.6
[DEBUG] NIFTY CAPITAL MARKETS match: Angel One Limited, Price: 228.7, S: 216.63, R: 241.67
[DEBUG] NIFTY CAPITAL MARKETS match: Computer Age Management Services Limited, Price: 626.15, S: 622.45, R: 658.15
[DEBUG] NIFTY CAPITAL MARKETS match: 360 ONE WAM LIMITED, Price: 935, S: 939.5, R: 1069.8
[DEBUG] NIFTY CAPITAL MARKETS match: HDFC Asset Management Company Limited, Price: 2211.2, S: 2211.2, R: 2468.9
[DEBUG] NIFTY CAPITAL MARKETS match: Kfin Technologies Limited, Price: 870, S: 869.95, R: 943.8
[DEBUG] NIFTY CAPITAL MARKETS match: Indian Energy Exchange Limited, Price: 115.1, S: 114.88, R: 123.06
[DEBUG] NIFTY CAPITAL MARKETS match: Nippon Life India Asset Management Limited, Price: 799, S: 800, R: 884.8
[DEBUG] NIFTY CAPITAL MARKETS match: Anand Rathi Wealth Limited, Price: 3010.5, S: 2912.4, R: 3070.7
[DEBUG] NIFTY CAPITAL MARKETS match: Motilal Oswal Financial Services Limited, Price: 633.9, S: 628.2, R: 698.3
[DEBUG] NIFTY CAPITAL MARKETS match: Aditya Birla Sun Life AMC Limited, Price: 869.15, S: 877.55, R: 969.45
[DEBUG] NIFTY CAPITAL MARKETS match: UTI Asset Management Company Limited, Price: 940, S: 906.65, R: 970.55
[DEBUG] NIFTY CAPITAL MARKETS match: Multi Commodity Exchange of India Limited, Price: 2390, S: 2314.4, R: 2671.8
[DEBUG] NIFTY CAPITAL MARKETS match: BSE Limited, Price: 2684.5, S: 2685, R: 2995.6
[DEBUG] NIFTY CAPITAL MARKETS match: Central Depository Services (India) Limited, Price: 1121, S: 1121, R: 1233.6
[DEBUG] NIFTY CAPITAL MARKETS match: Angel One Limited, Price: 228.7, S: 216.63, R: 241.67
[DEBUG] NIFTY CAPITAL MARKETS match: Computer Age Management Services Limited, Price: 626.15, S: 622.45, R: 658.15
[DEBUG] NIFTY CAPITAL MARKETS match: 360 ONE WAM LIMITED, Price: 935, S: 939.5, R: 1069.8
[DEBUG] NIFTY CAPITAL MARKETS match: HDFC Asset Management Company Limited, Price: 2211.2, S: 2211.2, R: 2468.9
[DEBUG] NIFTY CAPITAL MARKETS match: Kfin Technologies Limited, Price: 870, S: 869.95, R: 943.8
[DEBUG] NIFTY CAPITAL MARKETS match: Indian Energy Exchange Limited, Price: 115.1, S: 114.88, R: 123.06
[DEBUG] NIFTY CAPITAL MARKETS match: Nippon Life India Asset Management Limited, Price: 799, S: 800, R: 884.8
[DEBUG] NIFTY CAPITAL MARKETS match: Anand Rathi Wealth Limited, Price: 3010.5, S: 2912.4, R: 3070.7
[DEBUG] NIFTY CAPITAL MARKETS match: Motilal Oswal Financial Services Limited, Price: 633.9, S: 628.2, R: 698.3
[DEBUG] NIFTY CAPITAL MARKETS match: Aditya Birla Sun Life AMC Limited, Price: 869.15, S: 877.55, R: 969.45
[DEBUG] NIFTY CAPITAL MARKETS match: UTI Asset Management Company Limited, Price: 940, S: 906.65, R: 970.55
[DEBUG] NIFTY CAPITAL MARKETS match: Multi Commodity Exchange of India Limited, Price: 2390, S: 2314.4, R: 2671.8
[DEBUG] NIFTY CAPITAL MARKETS match: BSE Limited, Price: 2684.5, S: 2685, R: 2995.6
[DEBUG] NIFTY CAPITAL MARKETS match: Central Depository Services (India) Limited, Price: 1121, S: 1121, R: 1233.6
[DEBUG] NIFTY CAPITAL MARKETS match: Angel One Limited, Price: 228.7, S: 216.63, R: 241.67
[DEBUG] NIFTY CAPITAL MARKETS match: Computer Age Management Services Limited, Price: 626.15, S: 622.45, R: 658.15
[DEBUG] NIFTY CAPITAL MARKETS match: 360 ONE WAM LIMITED, Price: 935, S: 939.5, R: 1069.8
[DEBUG] NIFTY CAPITAL MARKETS match: HDFC Asset Management Company Limited, Price: 2211.2, S: 2211.2, R: 2468.9
[DEBUG] NIFTY CAPITAL MARKETS match: Kfin Technologies Limited, Price: 870, S: 869.95, R: 943.8
[DEBUG] NIFTY CAPITAL MARKETS match: Indian Energy Exchange Limited, Price: 115.1, S: 114.88, R: 123.06
[DEBUG] NIFTY CAPITAL MARKETS match: Nippon Life India Asset Management Limited, Price: 799, S: 800, R: 884.8
[DEBUG] NIFTY CAPITAL MARKETS match: Anand Rathi Wealth Limited, Price: 3010.5, S: 2912.4, R: 3070.7
[DEBUG] NIFTY CAPITAL MARKETS match: Motilal Oswal Financial Services Limited, Price: 633.9, S: 628.2, R: 698.3
[DEBUG] NIFTY CAPITAL MARKETS match: Aditya Birla Sun Life AMC Limited, Price: 869.15, S: 877.55, R: 969.45
[DEBUG] NIFTY CAPITAL MARKETS match: UTI Asset Management Company Limited, Price: 940, S: 906.65, R: 970.55
[DEBUG] NIFTY CAPITAL MARKETS match: Multi Commodity Exchange of India Limited, Price: 2390, S: 2314.4, R: 2671.8
[DEBUG] NIFTY CAPITAL MARKETS match: BSE Limited, Price: 2684.5, S: 2685, R: 2995.6
[DEBUG] NIFTY CAPITAL MARKETS match: Central Depository Services (India) Limited, Price: 1121, S: 1121, R: 1233.6
[DEBUG] NIFTY CAPITAL MARKETS match: Angel One Limited, Price: 228.7, S: 216.63, R: 241.67
[DEBUG] NIFTY CAPITAL MARKETS match: Computer Age Management Services Limited, Price: 626.15, S: 622.45, R: 658.15
[DEBUG] NIFTY CAPITAL MARKETS match: 360 ONE WAM LIMITED, Price: 935, S: 939.5, R: 1069.8
[DEBUG] NIFTY CAPITAL MARKETS match: HDFC Asset Management Company Limited, Price: 2211.2, S: 2211.2, R: 2468.9
[DEBUG] NIFTY CAPITAL MARKETS match: Kfin Technologies Limited, Price: 870, S: 869.95, R: 943.8
[DEBUG] NIFTY CAPITAL MARKETS match: Indian Energy Exchange Limited, Price: 115.1, S: 114.88, R: 123.06
[DEBUG] NIFTY CAPITAL MARKETS match: Nippon Life India Asset Management Limited, Price: 799, S: 800, R: 884.8
[DEBUG] NIFTY CAPITAL MARKETS match: Anand Rathi Wealth Limited, Price: 3010.5, S: 2912.4, R: 3070.7
[DEBUG] NIFTY CAPITAL MARKETS match: Motilal Oswal Financial Services Limited, Price: 633.9, S: 628.2, R: 698.3
[DEBUG] NIFTY CAPITAL MARKETS match: Aditya Birla Sun Life AMC Limited, Price: 869.15, S: 877.55, R: 969.45
[DEBUG] NIFTY CAPITAL MARKETS match: UTI Asset Management Company Limited, Price: 940, S: 906.65, R: 970.55
[DEBUG] NIFTY CAPITAL MARKETS match: Multi Commodity Exchange of India Limited, Price: 2390, S: 2314.4, R: 2671.8
[DEBUG] NIFTY CAPITAL MARKETS match: BSE Limited, Price: 2684.5, S: 2685, R: 2995.6
[DEBUG] NIFTY CAPITAL MARKETS match: Central Depository Services (India) Limited, Price: 1121, S: 1121, R: 1233.6
[DEBUG] NIFTY CAPITAL MARKETS match: Angel One Limited, Price: 228.7, S: 216.63, R: 241.67
[DEBUG] NIFTY CAPITAL MARKETS match: Computer Age Management Services Limited, Price: 626.15, S: 622.45, R: 658.15
[DEBUG] NIFTY CAPITAL MARKETS match: 360 ONE WAM LIMITED, Price: 935, S: 939.5, R: 1069.8
[DEBUG] NIFTY CAPITAL MARKETS match: HDFC Asset Management Company Limited, Price: 2211.2, S: 2211.2, R: 2468.9
[DEBUG] NIFTY CAPITAL MARKETS match: Kfin Technologies Limited, Price: 870, S: 869.95, R: 943.8
[DEBUG] NIFTY CAPITAL MARKETS match: Indian Energy Exchange Limited, Price: 115.1, S: 114.88, R: 123.06
[DEBUG] NIFTY CAPITAL MARKETS match: Nippon Life India Asset Management Limited, Price: 799, S: 800, R: 884.8
[DEBUG] NIFTY CAPITAL MARKETS match: Anand Rathi Wealth Limited, Price: 3010.5, S: 2912.4, R: 3070.7
[DEBUG] NIFTY CAPITAL MARKETS match: Motilal Oswal Financial Services Limited, Price: 633.9, S: 628.2, R: 698.3
[DEBUG] NIFTY CAPITAL MARKETS match: Aditya Birla Sun Life AMC Limited, Price: 869.15, S: 877.55, R: 969.45
[DEBUG] NIFTY CAPITAL MARKETS match: UTI Asset Management Company Limited, Price: 940, S: 906.65, R: 970.55
[DEBUG] NIFTY CAPITAL MARKETS match: Multi Commodity Exchange of India Limited, Price: 2390, S: 2314.4, R: 2671.8
[DEBUG] NIFTY CAPITAL MARKETS match: BSE Limited, Price: 2684.5, S: 2685, R: 2995.6
[DEBUG] NIFTY CAPITAL MARKETS match: Central Depository Services (India) Limited, Price: 1121, S: 1121, R: 1233.6
[DEBUG] NIFTY CAPITAL MARKETS match: Angel One Limited, Price: 228.7, S: 216.63, R: 241.67
[DEBUG] NIFTY CAPITAL MARKETS match: Computer Age Management Services Limited, Price: 626.15, S: 622.45, R: 658.15
[DEBUG] NIFTY CAPITAL MARKETS match: 360 ONE WAM LIMITED, Price: 935, S: 939.5, R: 1069.8
[DEBUG] NIFTY CAPITAL MARKETS match: HDFC Asset Management Company Limited, Price: 2211.2, S: 2211.2, R: 2468.9
[DEBUG] NIFTY CAPITAL MARKETS match: Kfin Technologies Limited, Price: 870, S: 869.95, R: 943.8
[DEBUG] NIFTY CAPITAL MARKETS match: Indian Energy Exchange Limited, Price: 115.1, S: 114.88, R: 123.06
[DEBUG] NIFTY CAPITAL MARKETS match: Nippon Life India Asset Management Limited, Price: 799, S: 800, R: 884.8
[DEBUG] NIFTY CAPITAL MARKETS match: Anand Rathi Wealth Limited, Price: 3010.5, S: 2912.4, R: 3070.7
[DEBUG] NIFTY CAPITAL MARKETS match: Motilal Oswal Financial Services Limited, Price: 633.9, S: 628.2, R: 698.3
[DEBUG] NIFTY CAPITAL MARKETS match: Aditya Birla Sun Life AMC Limited, Price: 869.15, S: 877.55, R: 969.45
[DEBUG] NIFTY CAPITAL MARKETS match: UTI Asset Management Company Limited, Price: 940, S: 906.65, R: 970.55
[DEBUG] NIFTY CAPITAL MARKETS match: Multi Commodity Exchange of India Limited, Price: 2390, S: 2314.4, R: 2671.8
[DEBUG] NIFTY CAPITAL MARKETS match: BSE Limited, Price: 2684.5, S: 2685, R: 2995.6
[DEBUG] NIFTY CAPITAL MARKETS match: Central Depository Services (India) Limited, Price: 1121, S: 1121, R: 1233.6
[DEBUG] NIFTY CAPITAL MARKETS match: Angel One Limited, Price: 228.7, S: 216.63, R: 241.67
[DEBUG] NIFTY CAPITAL MARKETS match: Computer Age Management Services Limited, Price: 626.15, S: 622.45, R: 658.15
[DEBUG] NIFTY CAPITAL MARKETS match: 360 ONE WAM LIMITED, Price: 935, S: 939.5, R: 1069.8
[DEBUG] NIFTY CAPITAL MARKETS match: HDFC Asset Management Company Limited, Price: 2211.2, S: 2211.2, R: 2468.9
[DEBUG] NIFTY CAPITAL MARKETS match: Kfin Technologies Limited, Price: 870, S: 869.95, R: 943.8
[DEBUG] NIFTY CAPITAL MARKETS match: Indian Energy Exchange Limited, Price: 115.1, S: 114.88, R: 123.06
[DEBUG] NIFTY CAPITAL MARKETS match: Nippon Life India Asset Management Limited, Price: 799, S: 800, R: 884.8
[DEBUG] NIFTY CAPITAL MARKETS match: Anand Rathi Wealth Limited, Price: 3010.5, S: 2912.4, R: 3070.7
[DEBUG] NIFTY CAPITAL MARKETS match: Motilal Oswal Financial Services Limited, Price: 633.9, S: 628.2, R: 698.3
[DEBUG] NIFTY CAPITAL MARKETS match: Aditya Birla Sun Life AMC Limited, Price: 869.15, S: 877.55, R: 969.45
[DEBUG] NIFTY CAPITAL MARKETS match: UTI Asset Management Company Limited, Price: 940, S: 906.65, R: 970.55
[DEBUG] NIFTY CAPITAL MARKETS match: Multi Commodity Exchange of India Limited, Price: 2390, S: 2314.4, R: 2671.8
[DEBUG] NIFTY CAPITAL MARKETS match: BSE Limited, Price: 2684.5, S: 2685, R: 2995.6
[DEBUG] NIFTY CAPITAL MARKETS match: Central Depository Services (India) Limited, Price: 1121, S: 1121, R: 1233.6
[DEBUG] NIFTY CAPITAL MARKETS match: Angel One Limited, Price: 228.7, S: 216.63, R: 241.67
[DEBUG] NIFTY CAPITAL MARKETS match: Computer Age Management Services Limited, Price: 626.15, S: 622.45, R: 658.15
[DEBUG] NIFTY CAPITAL MARKETS match: 360 ONE WAM LIMITED, Price: 935, S: 939.5, R: 1069.8
[DEBUG] NIFTY CAPITAL MARKETS match: HDFC Asset Management Company Limited, Price: 2211.2, S: 2211.2, R: 2468.9
[DEBUG] NIFTY CAPITAL MARKETS match: Kfin Technologies Limited, Price: 870, S: 869.95, R: 943.8
[DEBUG] NIFTY CAPITAL MARKETS match: Indian Energy Exchange Limited, Price: 115.1, S: 114.88, R: 123.06
[DEBUG] NIFTY CAPITAL MARKETS match: Nippon Life India Asset Management Limited, Price: 799, S: 800, R: 884.8
[DEBUG] NIFTY CAPITAL MARKETS match: Anand Rathi Wealth Limited, Price: 3010.5, S: 2912.4, R: 3070.7
[DEBUG] NIFTY CAPITAL MARKETS match: Motilal Oswal Financial Services Limited, Price: 633.9, S: 628.2, R: 698.3
[DEBUG] NIFTY CAPITAL MARKETS match: Aditya Birla Sun Life AMC Limited, Price: 869.15, S: 877.55, R: 969.45
[DEBUG] NIFTY CAPITAL MARKETS match: UTI Asset Management Company Limited, Price: 940, S: 906.65, R: 970.55
[DEBUG] NIFTY CAPITAL MARKETS match: Multi Commodity Exchange of India Limited, Price: 2390, S: 2314.4, R: 2671.8
[DEBUG] NIFTY CAPITAL MARKETS match: BSE Limited, Price: 2684.5, S: 2685, R: 2995.6
[DEBUG] NIFTY CAPITAL MARKETS match: Central Depository Services (India) Limited, Price: 1121, S: 1121, R: 1233.6
[DEBUG] NIFTY CAPITAL MARKETS match: Angel One Limited, Price: 228.7, S: 216.63, R: 241.67
[DEBUG] NIFTY CAPITAL MARKETS match: Computer Age Management Services Limited, Price: 626.15, S: 622.45, R: 658.15
[DEBUG] NIFTY CAPITAL MARKETS match: 360 ONE WAM LIMITED, Price: 935, S: 939.5, R: 1069.8
[DEBUG] NIFTY CAPITAL MARKETS match: HDFC Asset Management Company Limited, Price: 2211.2, S: 2211.2, R: 2468.9
[DEBUG] NIFTY CAPITAL MARKETS match: Kfin Technologies Limited, Price: 870, S: 869.95, R: 943.8
[DEBUG] NIFTY CAPITAL MARKETS match: Indian Energy Exchange Limited, Price: 115.1, S: 114.88, R: 123.06
[DEBUG] NIFTY CAPITAL MARKETS match: Nippon Life India Asset Management Limited, Price: 799, S: 800, R: 884.8
[DEBUG] NIFTY CAPITAL MARKETS match: Anand Rathi Wealth Limited, Price: 3010.5, S: 2912.4, R: 3070.7
[DEBUG] NIFTY CAPITAL MARKETS match: Motilal Oswal Financial Services Limited, Price: 633.9, S: 628.2, R: 698.3
[DEBUG] NIFTY CAPITAL MARKETS match: Aditya Birla Sun Life AMC Limited, Price: 869.15, S: 877.55, R: 969.45
[DEBUG] NIFTY CAPITAL MARKETS match: UTI Asset Management Company Limited, Price: 940, S: 906.65, R: 970.55
[DEBUG] NIFTY CAPITAL MARKETS match: Multi Commodity Exchange of India Limited, Price: 2390, S: 2314.4, R: 2671.8
[DEBUG] NIFTY CAPITAL MARKETS match: BSE Limited, Price: 2684.5, S: 2685, R: 2995.6
[DEBUG] NIFTY CAPITAL MARKETS match: Central Depository Services (India) Limited, Price: 1121, S: 1121, R: 1233.6
[DEBUG] NIFTY CAPITAL MARKETS match: Angel One Limited, Price: 228.7, S: 216.63, R: 241.67
[DEBUG] NIFTY CAPITAL MARKETS match: Computer Age Management Services Limited, Price: 626.15, S: 622.45, R: 658.15
[DEBUG] NIFTY CAPITAL MARKETS match: 360 ONE WAM LIMITED, Price: 935, S: 939.5, R: 1069.8
[DEBUG] NIFTY CAPITAL MARKETS match: HDFC Asset Management Company Limited, Price: 2211.2, S: 2211.2, R: 2468.9
[DEBUG] NIFTY CAPITAL MARKETS match: Kfin Technologies Limited, Price: 870, S: 869.95, R: 943.8
[DEBUG] NIFTY CAPITAL MARKETS match: Indian Energy Exchange Limited, Price: 115.1, S: 114.88, R: 123.06
[DEBUG] NIFTY CAPITAL MARKETS match: Nippon Life India Asset Management Limited, Price: 799, S: 800, R: 884.8
[DEBUG] NIFTY CAPITAL MARKETS match: Anand Rathi Wealth Limited, Price: 3010.5, S: 2912.4, R: 3070.7
[DEBUG] NIFTY CAPITAL MARKETS match: Motilal Oswal Financial Services Limited, Price: 633.9, S: 628.2, R: 698.3
[DEBUG] NIFTY CAPITAL MARKETS match: Aditya Birla Sun Life AMC Limited, Price: 869.15, S: 877.55, R: 969.45
[DEBUG] NIFTY CAPITAL MARKETS match: UTI Asset Management Company Limited, Price: 940, S: 906.65, R: 970.55
[DEBUG] NIFTY CAPITAL MARKETS match: Multi Commodity Exchange of India Limited, Price: 2390, S: 2314.4, R: 2671.8
[DEBUG] NIFTY CAPITAL MARKETS match: BSE Limited, Price: 2684.5, S: 2685, R: 2995.6
[DEBUG] NIFTY CAPITAL MARKETS match: Central Depository Services (India) Limited, Price: 1121, S: 1121, R: 1233.6
[DEBUG] NIFTY CAPITAL MARKETS match: Angel One Limited, Price: 228.7, S: 216.63, R: 241.67
[DEBUG] NIFTY CAPITAL MARKETS match: Computer Age Management Services Limited, Price: 626.15, S: 622.45, R: 658.15
[DEBUG] NIFTY CAPITAL MARKETS match: 360 ONE WAM LIMITED, Price: 935, S: 939.5, R: 1069.8
[DEBUG] NIFTY CAPITAL MARKETS match: HDFC Asset Management Company Limited, Price: 2211.2, S: 2211.2, R: 2468.9
[DEBUG] NIFTY CAPITAL MARKETS match: Kfin Technologies Limited, Price: 870, S: 869.95, R: 943.8
[DEBUG] NIFTY CAPITAL MARKETS match: Indian Energy Exchange Limited, Price: 115.1, S: 114.88, R: 123.06
[DEBUG] NIFTY CAPITAL MARKETS match: Nippon Life India Asset Management Limited, Price: 799, S: 800, R: 884.8
[DEBUG] NIFTY CAPITAL MARKETS match: Anand Rathi Wealth Limited, Price: 3010.5, S: 2912.4, R: 3070.7
[DEBUG] NIFTY CAPITAL MARKETS match: Motilal Oswal Financial Services Limited, Price: 633.9, S: 628.2, R: 698.3
[DEBUG] NIFTY CAPITAL MARKETS match: Aditya Birla Sun Life AMC Limited, Price: 869.15, S: 877.55, R: 969.45
[DEBUG] NIFTY CAPITAL MARKETS match: UTI Asset Management Company Limited, Price: 940, S: 906.65, R: 970.55
[DEBUG] NIFTY CAPITAL MARKETS match: Multi Commodity Exchange of India Limited, Price: 2390, S: 2314.4, R: 2671.8
[DEBUG] NIFTY CAPITAL MARKETS match: BSE Limited, Price: 2684.5, S: 2685, R: 2995.6
[DEBUG] NIFTY CAPITAL MARKETS match: Central Depository Services (India) Limited, Price: 1121, S: 1121, R: 1233.6
[DEBUG] NIFTY CAPITAL MARKETS match: Angel One Limited, Price: 228.7, S: 216.63, R: 241.67
[DEBUG] NIFTY CAPITAL MARKETS match: Computer Age Management Services Limited, Price: 626.15, S: 622.45, R: 658.15
[DEBUG] NIFTY CAPITAL MARKETS match: 360 ONE WAM LIMITED, Price: 935, S: 939.5, R: 1069.8
[DEBUG] NIFTY CAPITAL MARKETS match: HDFC Asset Management Company Limited, Price: 2211.2, S: 2211.2, R: 2468.9
[DEBUG] NIFTY CAPITAL MARKETS match: Kfin Technologies Limited, Price: 870, S: 869.95, R: 943.8
[DEBUG] NIFTY CAPITAL MARKETS match: Indian Energy Exchange Limited, Price: 115.1, S: 114.88, R: 123.06
[DEBUG] NIFTY CAPITAL MARKETS match: Nippon Life India Asset Management Limited, Price: 799, S: 800, R: 884.8
[DEBUG] NIFTY CAPITAL MARKETS match: Anand Rathi Wealth Limited, Price: 3010.5, S: 2912.4, R: 3070.7
[DEBUG] NIFTY CAPITAL MARKETS match: Motilal Oswal Financial Services Limited, Price: 633.9, S: 628.2, R: 698.3
[DEBUG] NIFTY CAPITAL MARKETS match: Aditya Birla Sun Life AMC Limited, Price: 869.15, S: 877.55, R: 969.45
[DEBUG] NIFTY CAPITAL MARKETS match: UTI Asset Management Company Limited, Price: 940, S: 906.65, R: 970.55
[DEBUG] NIFTY CAPITAL MARKETS match: Multi Commodity Exchange of India Limited, Price: 2390, S: 2314.4, R: 2671.8
[DEBUG] NIFTY CAPITAL MARKETS match: BSE Limited, Price: 2684.5, S: 2685, R: 2995.6
[DEBUG] NIFTY CAPITAL MARKETS match: Central Depository Services (India) Limited, Price: 1121, S: 1121, R: 1233.6
[DEBUG] NIFTY CAPITAL MARKETS match: Angel One Limited, Price: 228.7, S: 216.63, R: 241.67
[DEBUG] NIFTY CAPITAL MARKETS match: Computer Age Management Services Limited, Price: 626.15, S: 622.45, R: 658.15
[DEBUG] NIFTY CAPITAL MARKETS match: 360 ONE WAM LIMITED, Price: 935, S: 939.5, R: 1069.8
[DEBUG] NIFTY CAPITAL MARKETS match: HDFC Asset Management Company Limited, Price: 2211.2, S: 2211.2, R: 2468.9
[DEBUG] NIFTY CAPITAL MARKETS match: Kfin Technologies Limited, Price: 870, S: 869.95, R: 943.8
[DEBUG] NIFTY CAPITAL MARKETS match: Indian Energy Exchange Limited, Price: 115.1, S: 114.88, R: 123.06
[DEBUG] NIFTY CAPITAL MARKETS match: Nippon Life India Asset Management Limited, Price: 799, S: 800, R: 884.8
[DEBUG] NIFTY CAPITAL MARKETS match: Anand Rathi Wealth Limited, Price: 3010.5, S: 2912.4, R: 3070.7
[DEBUG] NIFTY CAPITAL MARKETS match: Motilal Oswal Financial Services Limited, Price: 633.9, S: 628.2, R: 698.3
[DEBUG] NIFTY CAPITAL MARKETS match: Aditya Birla Sun Life AMC Limited, Price: 869.15, S: 877.55, R: 969.45
[DEBUG] NIFTY CAPITAL MARKETS match: UTI Asset Management Company Limited, Price: 940, S: 906.65, R: 970.55
[DEBUG] NIFTY CAPITAL MARKETS match: Multi Commodity Exchange of India Limited, Price: 2390, S: 2314.4, R: 2671.8
[DEBUG] NIFTY CAPITAL MARKETS match: BSE Limited, Price: 2684.5, S: 2685, R: 2995.6
[DEBUG] NIFTY CAPITAL MARKETS match: Central Depository Services (India) Limited, Price: 1121, S: 1121, R: 1233.6
[DEBUG] NIFTY CAPITAL MARKETS match: Angel One Limited, Price: 228.7, S: 216.63, R: 241.67
[DEBUG] NIFTY CAPITAL MARKETS match: Computer Age Management Services Limited, Price: 626.15, S: 622.45, R: 658.15
[DEBUG] NIFTY CAPITAL MARKETS match: 360 ONE WAM LIMITED, Price: 935, S: 939.5, R: 1069.8
[DEBUG] NIFTY CAPITAL MARKETS match: HDFC Asset Management Company Limited, Price: 2211.2, S: 2211.2, R: 2468.9
[DEBUG] NIFTY CAPITAL MARKETS match: Kfin Technologies Limited, Price: 870, S: 869.95, R: 943.8
[DEBUG] NIFTY CAPITAL MARKETS match: Indian Energy Exchange Limited, Price: 115.1, S: 114.88, R: 123.06
[DEBUG] NIFTY CAPITAL MARKETS match: Nippon Life India Asset Management Limited, Price: 799, S: 800, R: 884.8
[DEBUG] NIFTY CAPITAL MARKETS match: Anand Rathi Wealth Limited, Price: 3010.5, S: 2912.4, R: 3070.7
[DEBUG] NIFTY CAPITAL MARKETS match: Motilal Oswal Financial Services Limited, Price: 633.9, S: 628.2, R: 698.3
[DEBUG] NIFTY CAPITAL MARKETS match: Aditya Birla Sun Life AMC Limited, Price: 869.15, S: 877.55, R: 969.45
[DEBUG] NIFTY CAPITAL MARKETS match: UTI Asset Management Company Limited, Price: 940, S: 906.65, R: 970.55
[DEBUG] NIFTY CAPITAL MARKETS match: Multi Commodity Exchange of India Limited, Price: 2390, S: 2314.4, R: 2671.8
[DEBUG] NIFTY CAPITAL MARKETS match: BSE Limited, Price: 2684.5, S: 2685, R: 2995.6
[DEBUG] NIFTY CAPITAL MARKETS match: Central Depository Services (India) Limited, Price: 1121, S: 1121, R: 1233.6
[DEBUG] NIFTY CAPITAL MARKETS match: Angel One Limited, Price: 228.7, S: 216.63, R: 241.67
[DEBUG] NIFTY CAPITAL MARKETS match: Computer Age Management Services Limited, Price: 626.15, S: 622.45, R: 658.15
[DEBUG] NIFTY CAPITAL MARKETS match: 360 ONE WAM LIMITED, Price: 935, S: 939.5, R: 1069.8
[DEBUG] NIFTY CAPITAL MARKETS match: HDFC Asset Management Company Limited, Price: 2211.2, S: 2211.2, R: 2468.9
[DEBUG] NIFTY CAPITAL MARKETS match: Kfin Technologies Limited, Price: 870, S: 869.95, R: 943.8
[DEBUG] NIFTY CAPITAL MARKETS match: Indian Energy Exchange Limited, Price: 115.1, S: 114.88, R: 123.06
[DEBUG] NIFTY CAPITAL MARKETS match: Nippon Life India Asset Management Limited, Price: 799, S: 800, R: 884.8
[DEBUG] NIFTY CAPITAL MARKETS match: Anand Rathi Wealth Limited, Price: 3010.5, S: 2912.4, R: 3070.7
[DEBUG] NIFTY CAPITAL MARKETS match: Motilal Oswal Financial Services Limited, Price: 633.9, S: 628.2, R: 698.3
[DEBUG] NIFTY CAPITAL MARKETS match: Aditya Birla Sun Life AMC Limited, Price: 869.15, S: 877.55, R: 969.45
[DEBUG] NIFTY CAPITAL MARKETS match: UTI Asset Management Company Limited, Price: 940, S: 906.65, R: 970.55
[DEBUG] NIFTY CAPITAL MARKETS match: Multi Commodity Exchange of India Limited, Price: 2390, S: 2314.4, R: 2671.8
[DEBUG] NIFTY CAPITAL MARKETS match: BSE Limited, Price: 2684.5, S: 2685, R: 2995.6
[DEBUG] NIFTY CAPITAL MARKETS match: Central Depository Services (India) Limited, Price: 1121, S: 1121, R: 1233.6
[DEBUG] NIFTY CAPITAL MARKETS match: Angel One Limited, Price: 228.7, S: 216.63, R: 241.67
[DEBUG] NIFTY CAPITAL MARKETS match: Computer Age Management Services Limited, Price: 626.15, S: 622.45, R: 658.15
[DEBUG] NIFTY CAPITAL MARKETS match: 360 ONE WAM LIMITED, Price: 935, S: 939.5, R: 1069.8
[DEBUG] NIFTY CAPITAL MARKETS match: HDFC Asset Management Company Limited, Price: 2211.2, S: 2211.2, R: 2468.9
[DEBUG] NIFTY CAPITAL MARKETS match: Kfin Technologies Limited, Price: 870, S: 869.95, R: 943.8
[DEBUG] NIFTY CAPITAL MARKETS match: Indian Energy Exchange Limited, Price: 115.1, S: 114.88, R: 123.06
[DEBUG] NIFTY CAPITAL MARKETS match: Nippon Life India Asset Management Limited, Price: 799, S: 800, R: 884.8
[DEBUG] NIFTY CAPITAL MARKETS match: Anand Rathi Wealth Limited, Price: 3010.5, S: 2912.4, R: 3070.7
[DEBUG] NIFTY CAPITAL MARKETS match: Motilal Oswal Financial Services Limited, Price: 633.9, S: 628.2, R: 698.3
[DEBUG] NIFTY CAPITAL MARKETS match: Aditya Birla Sun Life AMC Limited, Price: 869.15, S: 877.55, R: 969.45
[DEBUG] NIFTY CAPITAL MARKETS match: UTI Asset Management Company Limited, Price: 940, S: 906.65, R: 970.55
[DEBUG] NIFTY CAPITAL MARKETS match: Multi Commodity Exchange of India Limited, Price: 2390, S: 2314.4, R: 2671.8
[DEBUG] NIFTY CAPITAL MARKETS match: BSE Limited, Price: 2684.5, S: 2685, R: 2995.6
[DEBUG] NIFTY CAPITAL MARKETS match: Central Depository Services (India) Limited, Price: 1121, S: 1121, R: 1233.6
[DEBUG] NIFTY CAPITAL MARKETS match: Angel One Limited, Price: 228.7, S: 216.63, R: 241.67
[DEBUG] NIFTY CAPITAL MARKETS match: Computer Age Management Services Limited, Price: 626.15, S: 622.45, R: 658.15
[DEBUG] NIFTY CAPITAL MARKETS match: 360 ONE WAM LIMITED, Price: 935, S: 939.5, R: 1069.8
[DEBUG] NIFTY CAPITAL MARKETS match: HDFC Asset Management Company Limited, Price: 2211.2, S: 2211.2, R: 2468.9
[DEBUG] NIFTY CAPITAL MARKETS match: Kfin Technologies Limited, Price: 870, S: 869.95, R: 943.8
[DEBUG] NIFTY CAPITAL MARKETS match: Indian Energy Exchange Limited, Price: 115.1, S: 114.88, R: 123.06
[DEBUG] NIFTY CAPITAL MARKETS match: Nippon Life India Asset Management Limited, Price: 799, S: 800, R: 884.8
[DEBUG] NIFTY CAPITAL MARKETS match: Anand Rathi Wealth Limited, Price: 3010.5, S: 2912.4, R: 3070.7
[DEBUG] NIFTY CAPITAL MARKETS match: Motilal Oswal Financial Services Limited, Price: 633.9, S: 628.2, R: 698.3
[DEBUG] NIFTY CAPITAL MARKETS match: Aditya Birla Sun Life AMC Limited, Price: 869.15, S: 877.55, R: 969.45
[DEBUG] NIFTY CAPITAL MARKETS match: UTI Asset Management Company Limited, Price: 940, S: 906.65, R: 970.55
[DEBUG] NIFTY CAPITAL MARKETS match: Multi Commodity Exchange of India Limited, Price: 2390, S: 2314.4, R: 2671.8
[DEBUG] NIFTY CAPITAL MARKETS match: BSE Limited, Price: 2684.5, S: 2685, R: 2995.6
[DEBUG] NIFTY CAPITAL MARKETS match: Central Depository Services (India) Limited, Price: 1121, S: 1121, R: 1233.6
[DEBUG] NIFTY CAPITAL MARKETS match: Angel One Limited, Price: 228.7, S: 216.63, R: 241.67
[DEBUG] NIFTY CAPITAL MARKETS match: Computer Age Management Services Limited, Price: 626.15, S: 622.45, R: 658.15
[DEBUG] NIFTY CAPITAL MARKETS match: 360 ONE WAM LIMITED, Price: 935, S: 939.5, R: 1069.8
[DEBUG] NIFTY CAPITAL MARKETS match: HDFC Asset Management Company Limited, Price: 2211.2, S: 2211.2, R: 2468.9
[DEBUG] NIFTY CAPITAL MARKETS match: Kfin Technologies Limited, Price: 870, S: 869.95, R: 943.8
[DEBUG] NIFTY CAPITAL MARKETS match: Indian Energy Exchange Limited, Price: 115.1, S: 114.88, R: 123.06
[DEBUG] NIFTY CAPITAL MARKETS match: Nippon Life India Asset Management Limited, Price: 799, S: 800, R: 884.8
[DEBUG] NIFTY CAPITAL MARKETS match: Anand Rathi Wealth Limited, Price: 3010.5, S: 2912.4, R: 3070.7
[DEBUG] NIFTY CAPITAL MARKETS match: Motilal Oswal Financial Services Limited, Price: 633.9, S: 628.2, R: 698.3
[DEBUG] NIFTY CAPITAL MARKETS match: Aditya Birla Sun Life AMC Limited, Price: 869.15, S: 877.55, R: 969.45
[DEBUG] NIFTY CAPITAL MARKETS match: UTI Asset Management Company Limited, Price: 940, S: 906.65, R: 970.55
[DEBUG] NIFTY CAPITAL MARKETS match: Multi Commodity Exchange of India Limited, Price: 2390, S: 2314.4, R: 2671.8
[DEBUG] NIFTY CAPITAL MARKETS match: BSE Limited, Price: 2684.5, S: 2685, R: 2995.6
[DEBUG] NIFTY CAPITAL MARKETS match: Central Depository Services (India) Limited, Price: 1121, S: 1121, R: 1233.6
[DEBUG] NIFTY CAPITAL MARKETS match: Angel One Limited, Price: 228.7, S: 216.63, R: 241.67
[DEBUG] NIFTY CAPITAL MARKETS match: Computer Age Management Services Limited, Price: 626.15, S: 622.45, R: 658.15
[DEBUG] NIFTY CAPITAL MARKETS match: 360 ONE WAM LIMITED, Price: 935, S: 939.5, R: 1069.8
[DEBUG] NIFTY CAPITAL MARKETS match: HDFC Asset Management Company Limited, Price: 2211.2, S: 2211.2, R: 2468.9
[DEBUG] NIFTY CAPITAL MARKETS match: Kfin Technologies Limited, Price: 870, S: 869.95, R: 943.8
[DEBUG] NIFTY CAPITAL MARKETS match: Indian Energy Exchange Limited, Price: 115.1, S: 114.88, R: 123.06
[DEBUG] NIFTY CAPITAL MARKETS match: Nippon Life India Asset Management Limited, Price: 799, S: 800, R: 884.8
[DEBUG] NIFTY CAPITAL MARKETS match: Anand Rathi Wealth Limited, Price: 3010.5, S: 2912.4, R: 3070.7
[DEBUG] NIFTY CAPITAL MARKETS match: Motilal Oswal Financial Services Limited, Price: 633.9, S: 628.2, R: 698.3
[DEBUG] NIFTY CAPITAL MARKETS match: Aditya Birla Sun Life AMC Limited, Price: 869.15, S: 877.55, R: 969.45
[DEBUG] NIFTY CAPITAL MARKETS match: UTI Asset Management Company Limited, Price: 940, S: 906.65, R: 970.55
[DEBUG] NIFTY CAPITAL MARKETS match: Multi Commodity Exchange of India Limited, Price: 2390, S: 2314.4, R: 2671.8
[DEBUG] NIFTY CAPITAL MARKETS match: BSE Limited, Price: 2684.5, S: 2685, R: 2995.6
[DEBUG] NIFTY CAPITAL MARKETS match: Central Depository Services (India) Limited, Price: 1121, S: 1121, R: 1233.6
[DEBUG] NIFTY CAPITAL MARKETS match: Angel One Limited, Price: 228.7, S: 216.63, R: 241.67
[DEBUG] NIFTY CAPITAL MARKETS match: Computer Age Management Services Limited, Price: 626.15, S: 622.45, R: 658.15
[DEBUG] NIFTY CAPITAL MARKETS match: 360 ONE WAM LIMITED, Price: 935, S: 939.5, R: 1069.8
[DEBUG] NIFTY CAPITAL MARKETS match: HDFC Asset Management Company Limited, Price: 2211.2, S: 2211.2, R: 2468.9
[DEBUG] NIFTY CAPITAL MARKETS match: Kfin Technologies Limited, Price: 870, S: 869.95, R: 943.8
[DEBUG] NIFTY CAPITAL MARKETS match: Indian Energy Exchange Limited, Price: 115.1, S: 114.88, R: 123.06
[DEBUG] NIFTY CAPITAL MARKETS match: Nippon Life India Asset Management Limited, Price: 799, S: 800, R: 884.8
[DEBUG] NIFTY CAPITAL MARKETS match: Anand Rathi Wealth Limited, Price: 3010.5, S: 2912.4, R: 3070.7
[DEBUG] NIFTY CAPITAL MARKETS match: Motilal Oswal Financial Services Limited, Price: 633.9, S: 628.2, R: 698.3
[DEBUG] NIFTY CAPITAL MARKETS match: Aditya Birla Sun Life AMC Limited, Price: 869.15, S: 877.55, R: 969.45
[DEBUG] NIFTY CAPITAL MARKETS match: UTI Asset Management Company Limited, Price: 940, S: 906.65, R: 970.55
[DEBUG] NIFTY CAPITAL MARKETS match: Multi Commodity Exchange of India Limited, Price: 2390, S: 2314.4, R: 2671.8
[DEBUG] NIFTY CAPITAL MARKETS match: BSE Limited, Price: 2684.5, S: 2685, R: 2995.6
[DEBUG] NIFTY CAPITAL MARKETS match: Central Depository Services (India) Limited, Price: 1121, S: 1121, R: 1233.6
[DEBUG] NIFTY CAPITAL MARKETS match: Angel One Limited, Price: 228.7, S: 216.63, R: 241.67
[DEBUG] NIFTY CAPITAL MARKETS match: Computer Age Management Services Limited, Price: 626.15, S: 622.45, R: 658.15
[DEBUG] NIFTY CAPITAL MARKETS match: 360 ONE WAM LIMITED, Price: 935, S: 939.5, R: 1069.8
[DEBUG] NIFTY CAPITAL MARKETS match: HDFC Asset Management Company Limited, Price: 2211.2, S: 2211.2, R: 2468.9
[DEBUG] NIFTY CAPITAL MARKETS match: Kfin Technologies Limited, Price: 870, S: 869.95, R: 943.8
[DEBUG] NIFTY CAPITAL MARKETS match: Indian Energy Exchange Limited, Price: 115.1, S: 114.88, R: 123.06
[DEBUG] NIFTY CAPITAL MARKETS match: Nippon Life India Asset Management Limited, Price: 799, S: 800, R: 884.8
[DEBUG] NIFTY CAPITAL MARKETS match: Anand Rathi Wealth Limited, Price: 3010.5, S: 2912.4, R: 3070.7
[DEBUG] NIFTY CAPITAL MARKETS match: Motilal Oswal Financial Services Limited, Price: 633.9, S: 628.2, R: 698.3
[DEBUG] NIFTY CAPITAL MARKETS match: Aditya Birla Sun Life AMC Limited, Price: 869.15, S: 877.55, R: 969.45
[DEBUG] NIFTY CAPITAL MARKETS match: UTI Asset Management Company Limited, Price: 940, S: 906.65, R: 970.55
[DEBUG] NIFTY CAPITAL MARKETS match: Multi Commodity Exchange of India Limited, Price: 2390, S: 2314.4, R: 2671.8
[DEBUG] NIFTY CAPITAL MARKETS match: BSE Limited, Price: 2684.5, S: 2685, R: 2995.6
[DEBUG] NIFTY CAPITAL MARKETS match: Central Depository Services (India) Limited, Price: 1121, S: 1121, R: 1233.6
[DEBUG] NIFTY CAPITAL MARKETS match: Angel One Limited, Price: 228.7, S: 216.63, R: 241.67
[DEBUG] NIFTY CAPITAL MARKETS match: Computer Age Management Services Limited, Price: 626.15, S: 622.45, R: 658.15
[DEBUG] NIFTY CAPITAL MARKETS match: 360 ONE WAM LIMITED, Price: 935, S: 939.5, R: 1069.8
[DEBUG] NIFTY CAPITAL MARKETS match: HDFC Asset Management Company Limited, Price: 2211.2, S: 2211.2, R: 2468.9
[DEBUG] NIFTY CAPITAL MARKETS match: Kfin Technologies Limited, Price: 870, S: 869.95, R: 943.8
[DEBUG] NIFTY CAPITAL MARKETS match: Indian Energy Exchange Limited, Price: 115.1, S: 114.88, R: 123.06
[DEBUG] NIFTY CAPITAL MARKETS match: Nippon Life India Asset Management Limited, Price: 799, S: 800, R: 884.8
[DEBUG] NIFTY CAPITAL MARKETS match: Anand Rathi Wealth Limited, Price: 3010.5, S: 2912.4, R: 3070.7
[DEBUG] NIFTY CAPITAL MARKETS match: Motilal Oswal Financial Services Limited, Price: 633.9, S: 628.2, R: 698.3
[DEBUG] NIFTY CAPITAL MARKETS match: Aditya Birla Sun Life AMC Limited, Price: 869.15, S: 877.55, R: 969.45
[DEBUG] NIFTY CAPITAL MARKETS match: UTI Asset Management Company Limited, Price: 940, S: 906.65, R: 970.55
[DEBUG] NIFTY CAPITAL MARKETS match: Multi Commodity Exchange of India Limited, Price: 2390, S: 2314.4, R: 2671.8
[DEBUG] NIFTY CAPITAL MARKETS match: BSE Limited, Price: 2684.5, S: 2685, R: 2995.6
[DEBUG] NIFTY CAPITAL MARKETS match: Central Depository Services (India) Limited, Price: 1121, S: 1121, R: 1233.6
[DEBUG] NIFTY CAPITAL MARKETS match: Angel One Limited, Price: 228.7, S: 216.63, R: 241.67
[DEBUG] NIFTY CAPITAL MARKETS match: Computer Age Management Services Limited, Price: 626.15, S: 622.45, R: 658.15
[DEBUG] NIFTY CAPITAL MARKETS match: 360 ONE WAM LIMITED, Price: 935, S: 939.5, R: 1069.8
[DEBUG] NIFTY CAPITAL MARKETS match: HDFC Asset Management Company Limited, Price: 2211.2, S: 2211.2, R: 2468.9
[DEBUG] NIFTY CAPITAL MARKETS match: Kfin Technologies Limited, Price: 870, S: 869.95, R: 943.8
[DEBUG] NIFTY CAPITAL MARKETS match: Indian Energy Exchange Limited, Price: 115.1, S: 114.88, R: 123.06
[DEBUG] NIFTY CAPITAL MARKETS match: Nippon Life India Asset Management Limited, Price: 799, S: 800, R: 884.8
[DEBUG] NIFTY CAPITAL MARKETS match: Anand Rathi Wealth Limited, Price: 3010.5, S: 2912.4, R: 3070.7
[DEBUG] NIFTY CAPITAL MARKETS match: Motilal Oswal Financial Services Limited, Price: 633.9, S: 628.2, R: 698.3
[DEBUG] NIFTY CAPITAL MARKETS match: Aditya Birla Sun Life AMC Limited, Price: 869.15, S: 877.55, R: 969.45
[DEBUG] NIFTY CAPITAL MARKETS match: UTI Asset Management Company Limited, Price: 940, S: 906.65, R: 970.55
[DEBUG] NIFTY CAPITAL MARKETS match: Multi Commodity Exchange of India Limited, Price: 2390, S: 2314.4, R: 2671.8
[DEBUG] NIFTY CAPITAL MARKETS match: BSE Limited, Price: 2684.5, S: 2685, R: 2995.6
[DEBUG] NIFTY CAPITAL MARKETS match: Central Depository Services (India) Limited, Price: 1121, S: 1121, R: 1233.6
[DEBUG] NIFTY CAPITAL MARKETS match: Angel One Limited, Price: 228.7, S: 216.63, R: 241.67
[DEBUG] NIFTY CAPITAL MARKETS match: Computer Age Management Services Limited, Price: 626.15, S: 622.45, R: 658.15
[DEBUG] NIFTY CAPITAL MARKETS match: 360 ONE WAM LIMITED, Price: 935, S: 939.5, R: 1069.8
[DEBUG] NIFTY CAPITAL MARKETS match: HDFC Asset Management Company Limited, Price: 2211.2, S: 2211.2, R: 2468.9
[DEBUG] NIFTY CAPITAL MARKETS match: Kfin Technologies Limited, Price: 870, S: 869.95, R: 943.8
[DEBUG] NIFTY CAPITAL MARKETS match: Indian Energy Exchange Limited, Price: 115.1, S: 114.88, R: 123.06
[DEBUG] NIFTY CAPITAL MARKETS match: Nippon Life India Asset Management Limited, Price: 799, S: 800, R: 884.8
[DEBUG] NIFTY CAPITAL MARKETS match: Anand Rathi Wealth Limited, Price: 3010.5, S: 2912.4, R: 3070.7
[DEBUG] NIFTY CAPITAL MARKETS match: Motilal Oswal Financial Services Limited, Price: 633.9, S: 628.2, R: 698.3
[DEBUG] NIFTY CAPITAL MARKETS match: Aditya Birla Sun Life AMC Limited, Price: 869.15, S: 877.55, R: 969.45
[DEBUG] NIFTY CAPITAL MARKETS match: UTI Asset Management Company Limited, Price: 940, S: 906.65, R: 970.55
[DEBUG] NIFTY CAPITAL MARKETS match: Multi Commodity Exchange of India Limited, Price: 2390, S: 2314.4, R: 2671.8
[DEBUG] NIFTY CAPITAL MARKETS match: BSE Limited, Price: 2684.5, S: 2685, R: 2995.6
[DEBUG] NIFTY CAPITAL MARKETS match: Central Depository Services (India) Limited, Price: 1121, S: 1121, R: 1233.6
[DEBUG] NIFTY CAPITAL MARKETS match: Angel One Limited, Price: 228.7, S: 216.63, R: 241.67
[DEBUG] NIFTY CAPITAL MARKETS match: Computer Age Management Services Limited, Price: 626.15, S: 622.45, R: 658.15
[DEBUG] NIFTY CAPITAL MARKETS match: 360 ONE WAM LIMITED, Price: 935, S: 939.5, R: 1069.8
[DEBUG] NIFTY CAPITAL MARKETS match: HDFC Asset Management Company Limited, Price: 2211.2, S: 2211.2, R: 2468.9
[DEBUG] NIFTY CAPITAL MARKETS match: Kfin Technologies Limited, Price: 870, S: 869.95, R: 943.8
[DEBUG] NIFTY CAPITAL MARKETS match: Indian Energy Exchange Limited, Price: 115.1, S: 114.88, R: 123.06
[DEBUG] NIFTY CAPITAL MARKETS match: Nippon Life India Asset Management Limited, Price: 799, S: 800, R: 884.8
[DEBUG] NIFTY CAPITAL MARKETS match: Anand Rathi Wealth Limited, Price: 3010.5, S: 2912.4, R: 3070.7
[DEBUG] NIFTY CAPITAL MARKETS match: Motilal Oswal Financial Services Limited, Price: 633.9, S: 628.2, R: 698.3
[DEBUG] NIFTY CAPITAL MARKETS match: Aditya Birla Sun Life AMC Limited, Price: 869.15, S: 877.55, R: 969.45
[DEBUG] NIFTY CAPITAL MARKETS match: UTI Asset Management Company Limited, Price: 940, S: 906.65, R: 970.55
[DEBUG] NIFTY CAPITAL MARKETS match: Multi Commodity Exchange of India Limited, Price: 2390, S: 2314.4, R: 2671.8
[DEBUG] NIFTY CAPITAL MARKETS match: BSE Limited, Price: 2684.5, S: 2685, R: 2995.6
[DEBUG] NIFTY CAPITAL MARKETS match: Central Depository Services (India) Limited, Price: 1121, S: 1121, R: 1233.6
[DEBUG] NIFTY CAPITAL MARKETS match: Angel One Limited, Price: 228.7, S: 216.63, R: 241.67
[DEBUG] NIFTY CAPITAL MARKETS match: Computer Age Management Services Limited, Price: 626.15, S: 622.45, R: 658.15
[DEBUG] NIFTY CAPITAL MARKETS match: 360 ONE WAM LIMITED, Price: 935, S: 939.5, R: 1069.8
[DEBUG] NIFTY CAPITAL MARKETS match: HDFC Asset Management Company Limited, Price: 2211.2, S: 2211.2, R: 2468.9
[DEBUG] NIFTY CAPITAL MARKETS match: Kfin Technologies Limited, Price: 870, S: 869.95, R: 943.8
[DEBUG] NIFTY CAPITAL MARKETS match: Indian Energy Exchange Limited, Price: 115.1, S: 114.88, R: 123.06
[DEBUG] NIFTY CAPITAL MARKETS match: Nippon Life India Asset Management Limited, Price: 799, S: 800, R: 884.8
[DEBUG] NIFTY CAPITAL MARKETS match: Anand Rathi Wealth Limited, Price: 3010.5, S: 2912.4, R: 3070.7
[DEBUG] NIFTY CAPITAL MARKETS match: Motilal Oswal Financial Services Limited, Price: 633.9, S: 628.2, R: 698.3
[DEBUG] NIFTY CAPITAL MARKETS match: Aditya Birla Sun Life AMC Limited, Price: 869.15, S: 877.55, R: 969.45
[DEBUG] NIFTY CAPITAL MARKETS match: UTI Asset Management Company Limited, Price: 940, S: 906.65, R: 970.55
[DEBUG] NIFTY CAPITAL MARKETS match: Multi Commodity Exchange of India Limited, Price: 2390, S: 2314.4, R: 2671.8
[DEBUG] NIFTY CAPITAL MARKETS match: BSE Limited, Price: 2684.5, S: 2685, R: 2995.6
[DEBUG] NIFTY CAPITAL MARKETS match: Central Depository Services (India) Limited, Price: 1121, S: 1121, R: 1233.6
[DEBUG] NIFTY CAPITAL MARKETS match: Angel One Limited, Price: 228.7, S: 216.63, R: 241.67
[DEBUG] NIFTY CAPITAL MARKETS match: Computer Age Management Services Limited, Price: 626.15, S: 622.45, R: 658.15
[DEBUG] NIFTY CAPITAL MARKETS match: 360 ONE WAM LIMITED, Price: 935, S: 939.5, R: 1069.8
[DEBUG] NIFTY CAPITAL MARKETS match: HDFC Asset Management Company Limited, Price: 0, S: 2211.2, R: 2468.9
[DEBUG] NIFTY CAPITAL MARKETS match: Kfin Technologies Limited, Price: 870, S: 869.95, R: 943.8
[DEBUG] NIFTY CAPITAL MARKETS match: Indian Energy Exchange Limited, Price: 115.1, S: 114.88, R: 123.06
[DEBUG] NIFTY CAPITAL MARKETS match: Nippon Life India Asset Management Limited, Price: 799, S: 800, R: 884.8
[DEBUG] NIFTY CAPITAL MARKETS match: Anand Rathi Wealth Limited, Price: 3010.5, S: 2912.4, R: 3070.7
[DEBUG] NIFTY CAPITAL MARKETS match: Motilal Oswal Financial Services Limited, Price: 633.9, S: 628.2, R: 698.3
[DEBUG] NIFTY CAPITAL MARKETS match: Aditya Birla Sun Life AMC Limited, Price: 869.15, S: 877.55, R: 969.45
[DEBUG] NIFTY CAPITAL MARKETS match: UTI Asset Management Company Limited, Price: 940, S: 906.65, R: 970.55
[DEBUG] NIFTY CAPITAL MARKETS match: Multi Commodity Exchange of India Limited, Price: 2390, S: 2314.4, R: 2671.8
[DEBUG] NIFTY CAPITAL MARKETS match: BSE Limited, Price: 2684.5, S: 2685, R: 2995.6
[DEBUG] NIFTY CAPITAL MARKETS match: Central Depository Services (India) Limited, Price: 1121, S: 1121, R: 1233.6
[DEBUG] NIFTY CAPITAL MARKETS match: Angel One Limited, Price: 228.7, S: 216.63, R: 241.67
[DEBUG] NIFTY CAPITAL MARKETS match: Computer Age Management Services Limited, Price: 626.15, S: 622.45, R: 658.15
[DEBUG] NIFTY CAPITAL MARKETS match: 360 ONE WAM LIMITED, Price: 935, S: 939.5, R: 1069.8
[DEBUG] NIFTY CAPITAL MARKETS match: HDFC Asset Management Company Limited, Price: 0, S: 2211.2, R: 2468.9
[DEBUG] NIFTY CAPITAL MARKETS match: Kfin Technologies Limited, Price: 870, S: 869.95, R: 943.8
[DEBUG] NIFTY CAPITAL MARKETS match: Indian Energy Exchange Limited, Price: 115.1, S: 114.88, R: 123.06
[DEBUG] NIFTY CAPITAL MARKETS match: Nippon Life India Asset Management Limited, Price: 799, S: 800, R: 884.8
[DEBUG] NIFTY CAPITAL MARKETS match: Anand Rathi Wealth Limited, Price: 3010.5, S: 2912.4, R: 3070.7
[DEBUG] NIFTY CAPITAL MARKETS match: Motilal Oswal Financial Services Limited, Price: 633.9, S: 628.2, R: 698.3
[DEBUG] NIFTY CAPITAL MARKETS match: Aditya Birla Sun Life AMC Limited, Price: 869.15, S: 877.55, R: 969.45
[DEBUG] NIFTY CAPITAL MARKETS match: UTI Asset Management Company Limited, Price: 940, S: 906.65, R: 970.55
[DEBUG] NIFTY CAPITAL MARKETS match: Multi Commodity Exchange of India Limited, Price: 2390, S: 2314.4, R: 2671.8
[DEBUG] NIFTY CAPITAL MARKETS match: BSE Limited, Price: 2684.5, S: 2685, R: 2995.6
[DEBUG] NIFTY CAPITAL MARKETS match: Central Depository Services (India) Limited, Price: 1121, S: 1121, R: 1233.6
[DEBUG] NIFTY CAPITAL MARKETS match: Angel One Limited, Price: 228.7, S: 216.63, R: 241.67
[DEBUG] NIFTY CAPITAL MARKETS match: Computer Age Management Services Limited, Price: 626.15, S: 622.45, R: 658.15
[DEBUG] NIFTY CAPITAL MARKETS match: 360 ONE WAM LIMITED, Price: 935, S: 939.5, R: 1069.8
[DEBUG] NIFTY CAPITAL MARKETS match: HDFC Asset Management Company Limited, Price: 2211.2, S: 2211.2, R: 2468.9
[DEBUG] NIFTY CAPITAL MARKETS match: Kfin Technologies Limited, Price: 870, S: 869.95, R: 943.8
[DEBUG] NIFTY CAPITAL MARKETS match: Indian Energy Exchange Limited, Price: 115.1, S: 114.88, R: 123.06
[DEBUG] NIFTY CAPITAL MARKETS match: Nippon Life India Asset Management Limited, Price: 799, S: 800, R: 884.8
[DEBUG] NIFTY CAPITAL MARKETS match: Anand Rathi Wealth Limited, Price: 3010.5, S: 2912.4, R: 3070.7
[DEBUG] NIFTY CAPITAL MARKETS match: Motilal Oswal Financial Services Limited, Price: 633.9, S: 628.2, R: 698.3
[DEBUG] NIFTY CAPITAL MARKETS match: Aditya Birla Sun Life AMC Limited, Price: 869.15, S: 877.55, R: 969.45
[DEBUG] NIFTY CAPITAL MARKETS match: UTI Asset Management Company Limited, Price: 940, S: 906.65, R: 970.55
[DEBUG] NIFTY CAPITAL MARKETS match: Multi Commodity Exchange of India Limited, Price: 2390, S: 2314.4, R: 2671.8
[DEBUG] NIFTY CAPITAL MARKETS match: BSE Limited, Price: 2684.5, S: 2685, R: 2995.6
[DEBUG] NIFTY CAPITAL MARKETS match: Central Depository Services (India) Limited, Price: 1121, S: 1121, R: 1233.6
[DEBUG] NIFTY CAPITAL MARKETS match: Angel One Limited, Price: 228.7, S: 216.63, R: 241.67
[DEBUG] NIFTY CAPITAL MARKETS match: Computer Age Management Services Limited, Price: 626.15, S: 622.45, R: 658.15
[DEBUG] NIFTY CAPITAL MARKETS match: 360 ONE WAM LIMITED, Price: 935, S: 939.5, R: 1069.8
[DEBUG] NIFTY CAPITAL MARKETS match: HDFC Asset Management Company Limited, Price: 2211.2, S: 2211.2, R: 2468.9
[DEBUG] NIFTY CAPITAL MARKETS match: Kfin Technologies Limited, Price: 870, S: 869.95, R: 943.8
[DEBUG] NIFTY CAPITAL MARKETS match: Indian Energy Exchange Limited, Price: 115.1, S: 114.88, R: 123.06
[DEBUG] NIFTY CAPITAL MARKETS match: Nippon Life India Asset Management Limited, Price: 799, S: 800, R: 884.8
[DEBUG] NIFTY CAPITAL MARKETS match: Anand Rathi Wealth Limited, Price: 3010.5, S: 2912.4, R: 3070.7
[DEBUG] NIFTY CAPITAL MARKETS match: Motilal Oswal Financial Services Limited, Price: 633.9, S: 628.2, R: 698.3
[DEBUG] NIFTY CAPITAL MARKETS match: Aditya Birla Sun Life AMC Limited, Price: 869.15, S: 877.55, R: 969.45
[DEBUG] NIFTY CAPITAL MARKETS match: UTI Asset Management Company Limited, Price: 940, S: 906.65, R: 970.55
[DEBUG] NIFTY CAPITAL MARKETS match: Multi Commodity Exchange of India Limited, Price: 2390, S: 2314.4, R: 2671.8
[DEBUG] NIFTY CAPITAL MARKETS match: BSE Limited, Price: 2684.5, S: 2685, R: 2995.6
[DEBUG] NIFTY CAPITAL MARKETS match: Central Depository Services (India) Limited, Price: 1121, S: 1121, R: 1233.6
[DEBUG] NIFTY CAPITAL MARKETS match: Angel One Limited, Price: 228.7, S: 216.63, R: 241.67
[DEBUG] NIFTY CAPITAL MARKETS match: Computer Age Management Services Limited, Price: 626.15, S: 622.45, R: 658.15
[DEBUG] NIFTY CAPITAL MARKETS match: 360 ONE WAM LIMITED, Price: 935, S: 939.5, R: 1069.8
[DEBUG] NIFTY CAPITAL MARKETS match: HDFC Asset Management Company Limited, Price: 2211.2, S: 2211.2, R: 2468.9
[DEBUG] NIFTY CAPITAL MARKETS match: Kfin Technologies Limited, Price: 870, S: 869.95, R: 943.8
[DEBUG] NIFTY CAPITAL MARKETS match: Indian Energy Exchange Limited, Price: 115.1, S: 114.88, R: 123.06
[DEBUG] NIFTY CAPITAL MARKETS match: Nippon Life India Asset Management Limited, Price: 799, S: 800, R: 884.8
[DEBUG] NIFTY CAPITAL MARKETS match: Anand Rathi Wealth Limited, Price: 3010.5, S: 2912.4, R: 3070.7
[DEBUG] NIFTY CAPITAL MARKETS match: Motilal Oswal Financial Services Limited, Price: 633.9, S: 628.2, R: 698.3
[DEBUG] NIFTY CAPITAL MARKETS match: Aditya Birla Sun Life AMC Limited, Price: 869.15, S: 877.55, R: 969.45
[DEBUG] NIFTY CAPITAL MARKETS match: UTI Asset Management Company Limited, Price: 940, S: 906.65, R: 970.55
[DEBUG] NIFTY CAPITAL MARKETS match: Multi Commodity Exchange of India Limited, Price: 2390, S: 2314.4, R: 2671.8
[DEBUG] NIFTY CAPITAL MARKETS match: BSE Limited, Price: 2684.5, S: 2685, R: 2995.6
[DEBUG] NIFTY CAPITAL MARKETS match: Central Depository Services (India) Limited, Price: 1121, S: 1121, R: 1233.6
[DEBUG] NIFTY CAPITAL MARKETS match: Angel One Limited, Price: 228.7, S: 216.63, R: 241.67
[DEBUG] NIFTY CAPITAL MARKETS match: Computer Age Management Services Limited, Price: 626.15, S: 622.45, R: 658.15
[DEBUG] NIFTY CAPITAL MARKETS match: 360 ONE WAM LIMITED, Price: 935, S: 939.5, R: 1069.8
[DEBUG] NIFTY CAPITAL MARKETS match: HDFC Asset Management Company Limited, Price: 2211.2, S: 2211.2, R: 2468.9
[DEBUG] NIFTY CAPITAL MARKETS match: Kfin Technologies Limited, Price: 870, S: 869.95, R: 943.8
[DEBUG] NIFTY CAPITAL MARKETS match: Indian Energy Exchange Limited, Price: 115.1, S: 114.88, R: 123.06
[DEBUG] NIFTY CAPITAL MARKETS match: Nippon Life India Asset Management Limited, Price: 799, S: 800, R: 884.8
[DEBUG] NIFTY CAPITAL MARKETS match: Anand Rathi Wealth Limited, Price: 3010.5, S: 2912.4, R: 3070.7
[DEBUG] NIFTY CAPITAL MARKETS match: Motilal Oswal Financial Services Limited, Price: 633.9, S: 628.2, R: 698.3
[DEBUG] NIFTY CAPITAL MARKETS match: Aditya Birla Sun Life AMC Limited, Price: 869.15, S: 877.55, R: 969.45
[DEBUG] NIFTY CAPITAL MARKETS match: UTI Asset Management Company Limited, Price: 940, S: 906.65, R: 970.55
[DEBUG] NIFTY CAPITAL MARKETS match: Multi Commodity Exchange of India Limited, Price: 2390, S: 2314.4, R: 2671.8
[DEBUG] NIFTY CAPITAL MARKETS match: BSE Limited, Price: 2684.5, S: 2685, R: 2995.6
[DEBUG] NIFTY CAPITAL MARKETS match: Central Depository Services (India) Limited, Price: 1121, S: 1121, R: 1233.6
[DEBUG] NIFTY CAPITAL MARKETS match: Angel One Limited, Price: 228.7, S: 216.63, R: 241.67
[DEBUG] NIFTY CAPITAL MARKETS match: Computer Age Management Services Limited, Price: 626.15, S: 622.45, R: 658.15
[DEBUG] NIFTY CAPITAL MARKETS match: 360 ONE WAM LIMITED, Price: 935, S: 939.5, R: 1069.8
[DEBUG] NIFTY CAPITAL MARKETS match: HDFC Asset Management Company Limited, Price: 2211.2, S: 2211.2, R: 2468.9
[DEBUG] NIFTY CAPITAL MARKETS match: Kfin Technologies Limited, Price: 870, S: 869.95, R: 943.8
[DEBUG] NIFTY CAPITAL MARKETS match: Indian Energy Exchange Limited, Price: 115.1, S: 114.88, R: 123.06
[DEBUG] NIFTY CAPITAL MARKETS match: Nippon Life India Asset Management Limited, Price: 799, S: 800, R: 884.8
[DEBUG] NIFTY CAPITAL MARKETS match: Anand Rathi Wealth Limited, Price: 3010.5, S: 2912.4, R: 3070.7
[DEBUG] NIFTY CAPITAL MARKETS match: Motilal Oswal Financial Services Limited, Price: 633.9, S: 628.2, R: 698.3
[DEBUG] NIFTY CAPITAL MARKETS match: Aditya Birla Sun Life AMC Limited, Price: 869.15, S: 877.55, R: 969.45
[DEBUG] NIFTY CAPITAL MARKETS match: UTI Asset Management Company Limited, Price: 940, S: 906.65, R: 970.55
[DEBUG] NIFTY CAPITAL MARKETS match: Multi Commodity Exchange of India Limited, Price: 2390, S: 2314.4, R: 2671.8
[DEBUG] NIFTY CAPITAL MARKETS match: BSE Limited, Price: 2684.5, S: 2685, R: 2995.6
[DEBUG] NIFTY CAPITAL MARKETS match: Central Depository Services (India) Limited, Price: 1121, S: 1121, R: 1233.6
[DEBUG] NIFTY CAPITAL MARKETS match: Angel One Limited, Price: 228.7, S: 216.63, R: 241.67
[DEBUG] NIFTY CAPITAL MARKETS match: Computer Age Management Services Limited, Price: 626.15, S: 622.45, R: 658.15
[DEBUG] NIFTY CAPITAL MARKETS match: 360 ONE WAM LIMITED, Price: 935, S: 939.5, R: 1069.8
[DEBUG] NIFTY CAPITAL MARKETS match: HDFC Asset Management Company Limited, Price: 2211.2, S: 2211.2, R: 2468.9
[DEBUG] NIFTY CAPITAL MARKETS match: Kfin Technologies Limited, Price: 870, S: 869.95, R: 943.8
[DEBUG] NIFTY CAPITAL MARKETS match: Indian Energy Exchange Limited, Price: 115.1, S: 114.88, R: 123.06
[DEBUG] NIFTY CAPITAL MARKETS match: Nippon Life India Asset Management Limited, Price: 799, S: 800, R: 884.8
[DEBUG] NIFTY CAPITAL MARKETS match: Anand Rathi Wealth Limited, Price: 3010.5, S: 2912.4, R: 3070.7
[DEBUG] NIFTY CAPITAL MARKETS match: Motilal Oswal Financial Services Limited, Price: 633.9, S: 628.2, R: 698.3
[DEBUG] NIFTY CAPITAL MARKETS match: Aditya Birla Sun Life AMC Limited, Price: 869.15, S: 877.55, R: 969.45
[DEBUG] NIFTY CAPITAL MARKETS match: UTI Asset Management Company Limited, Price: 940, S: 906.65, R: 970.55
[DEBUG] NIFTY CAPITAL MARKETS match: Multi Commodity Exchange of India Limited, Price: 2390, S: 2314.4, R: 2671.8
[DEBUG] NIFTY CAPITAL MARKETS match: BSE Limited, Price: 2684.5, S: 2685, R: 2995.6
[DEBUG] NIFTY CAPITAL MARKETS match: Central Depository Services (India) Limited, Price: 1121, S: 1121, R: 1233.6
[DEBUG] NIFTY CAPITAL MARKETS match: Angel One Limited, Price: 228.7, S: 216.63, R: 241.67
[DEBUG] NIFTY CAPITAL MARKETS match: Computer Age Management Services Limited, Price: 626.15, S: 622.45, R: 658.15
[DEBUG] NIFTY CAPITAL MARKETS match: 360 ONE WAM LIMITED, Price: 935, S: 939.5, R: 1069.8
[DEBUG] NIFTY CAPITAL MARKETS match: HDFC Asset Management Company Limited, Price: 2211.2, S: 2211.2, R: 2468.9
[DEBUG] NIFTY CAPITAL MARKETS match: Kfin Technologies Limited, Price: 870, S: 869.95, R: 943.8
[DEBUG] NIFTY CAPITAL MARKETS match: Indian Energy Exchange Limited, Price: 115.1, S: 114.88, R: 123.06
[DEBUG] NIFTY CAPITAL MARKETS match: Nippon Life India Asset Management Limited, Price: 799, S: 800, R: 884.8
[DEBUG] NIFTY CAPITAL MARKETS match: Anand Rathi Wealth Limited, Price: 3010.5, S: 2912.4, R: 3070.7
[DEBUG] NIFTY CAPITAL MARKETS match: Motilal Oswal Financial Services Limited, Price: 633.9, S: 628.2, R: 698.3
[DEBUG] NIFTY CAPITAL MARKETS match: Aditya Birla Sun Life AMC Limited, Price: 869.15, S: 877.55, R: 969.45
[DEBUG] NIFTY CAPITAL MARKETS match: UTI Asset Management Company Limited, Price: 940, S: 906.65, R: 970.55
[DEBUG] NIFTY CAPITAL MARKETS match: Multi Commodity Exchange of India Limited, Price: 2390, S: 2314.4, R: 2671.8
[DEBUG] NIFTY CAPITAL MARKETS match: BSE Limited, Price: 2684.5, S: 2685, R: 2995.6
[DEBUG] NIFTY CAPITAL MARKETS match: Central Depository Services (India) Limited, Price: 1121, S: 1121, R: 1233.6
[DEBUG] NIFTY CAPITAL MARKETS match: Angel One Limited, Price: 228.7, S: 216.63, R: 241.67
[DEBUG] NIFTY CAPITAL MARKETS match: Computer Age Management Services Limited, Price: 626.15, S: 622.45, R: 658.15
[DEBUG] NIFTY CAPITAL MARKETS match: 360 ONE WAM LIMITED, Price: 935, S: 939.5, R: 1069.8
[DEBUG] NIFTY CAPITAL MARKETS match: HDFC Asset Management Company Limited, Price: 2211.2, S: 2211.2, R: 2468.9
[DEBUG] NIFTY CAPITAL MARKETS match: Kfin Technologies Limited, Price: 870, S: 869.95, R: 943.8
[DEBUG] NIFTY CAPITAL MARKETS match: Indian Energy Exchange Limited, Price: 115.1, S: 114.88, R: 123.06
[DEBUG] NIFTY CAPITAL MARKETS match: Nippon Life India Asset Management Limited, Price: 799, S: 800, R: 884.8
[DEBUG] NIFTY CAPITAL MARKETS match: Anand Rathi Wealth Limited, Price: 3010.5, S: 2912.4, R: 3070.7
[DEBUG] NIFTY CAPITAL MARKETS match: Motilal Oswal Financial Services Limited, Price: 633.9, S: 628.2, R: 698.3
[DEBUG] NIFTY CAPITAL MARKETS match: Aditya Birla Sun Life AMC Limited, Price: 869.15, S: 877.55, R: 969.45
[DEBUG] NIFTY CAPITAL MARKETS match: UTI Asset Management Company Limited, Price: 940, S: 906.65, R: 970.55
[DEBUG] NIFTY CAPITAL MARKETS match: Multi Commodity Exchange of India Limited, Price: 2390, S: 2314.4, R: 2671.8
[DEBUG] NIFTY CAPITAL MARKETS match: BSE Limited, Price: 2684.5, S: 2685, R: 2995.6
[DEBUG] NIFTY CAPITAL MARKETS match: Central Depository Services (India) Limited, Price: 1121, S: 1121, R: 1233.6
[DEBUG] NIFTY CAPITAL MARKETS match: Angel One Limited, Price: 228.7, S: 216.63, R: 241.67
[DEBUG] NIFTY CAPITAL MARKETS match: Computer Age Management Services Limited, Price: 626.15, S: 622.45, R: 658.15
[DEBUG] NIFTY CAPITAL MARKETS match: 360 ONE WAM LIMITED, Price: 935, S: 939.5, R: 1069.8
[DEBUG] NIFTY CAPITAL MARKETS match: HDFC Asset Management Company Limited, Price: 2211.2, S: 2211.2, R: 2468.9
[DEBUG] NIFTY CAPITAL MARKETS match: Kfin Technologies Limited, Price: 870, S: 869.95, R: 943.8
[DEBUG] NIFTY CAPITAL MARKETS match: Indian Energy Exchange Limited, Price: 115.1, S: 114.88, R: 123.06
[DEBUG] NIFTY CAPITAL MARKETS match: Nippon Life India Asset Management Limited, Price: 799, S: 800, R: 884.8
[DEBUG] NIFTY CAPITAL MARKETS match: Anand Rathi Wealth Limited, Price: 3010.5, S: 2912.4, R: 3070.7
[DEBUG] NIFTY CAPITAL MARKETS match: Motilal Oswal Financial Services Limited, Price: 633.9, S: 628.2, R: 698.3
[DEBUG] NIFTY CAPITAL MARKETS match: Aditya Birla Sun Life AMC Limited, Price: 869.15, S: 877.55, R: 969.45
[DEBUG] NIFTY CAPITAL MARKETS match: UTI Asset Management Company Limited, Price: 940, S: 906.65, R: 970.55
[DEBUG] NIFTY CAPITAL MARKETS match: Multi Commodity Exchange of India Limited, Price: 2390, S: 2314.4, R: 2671.8
[DEBUG] NIFTY CAPITAL MARKETS match: BSE Limited, Price: 2684.5, S: 2685, R: 2995.6
[DEBUG] NIFTY CAPITAL MARKETS match: Central Depository Services (India) Limited, Price: 1121, S: 1121, R: 1233.6
[DEBUG] NIFTY CAPITAL MARKETS match: Angel One Limited, Price: 228.7, S: 216.63, R: 241.67
[DEBUG] NIFTY CAPITAL MARKETS match: Computer Age Management Services Limited, Price: 626.15, S: 622.45, R: 658.15
[DEBUG] NIFTY CAPITAL MARKETS match: 360 ONE WAM LIMITED, Price: 935, S: 939.5, R: 1069.8
[DEBUG] NIFTY CAPITAL MARKETS match: HDFC Asset Management Company Limited, Price: 2211.2, S: 2211.2, R: 2468.9
[DEBUG] NIFTY CAPITAL MARKETS match: Kfin Technologies Limited, Price: 870, S: 869.95, R: 943.8
[DEBUG] NIFTY CAPITAL MARKETS match: Indian Energy Exchange Limited, Price: 115.1, S: 114.88, R: 123.06
[DEBUG] NIFTY CAPITAL MARKETS match: Nippon Life India Asset Management Limited, Price: 799, S: 800, R: 884.8
[DEBUG] NIFTY CAPITAL MARKETS match: Anand Rathi Wealth Limited, Price: 3010.5, S: 2912.4, R: 3070.7
[DEBUG] NIFTY CAPITAL MARKETS match: Motilal Oswal Financial Services Limited, Price: 633.9, S: 628.2, R: 698.3
[DEBUG] NIFTY CAPITAL MARKETS match: Aditya Birla Sun Life AMC Limited, Price: 869.15, S: 877.55, R: 969.45
[DEBUG] NIFTY CAPITAL MARKETS match: UTI Asset Management Company Limited, Price: 940, S: 906.65, R: 970.55
[DEBUG] NIFTY CAPITAL MARKETS match: Multi Commodity Exchange of India Limited, Price: 2390, S: 2314.4, R: 2671.8
[DEBUG] NIFTY CAPITAL MARKETS match: BSE Limited, Price: 2684.5, S: 2685, R: 2995.6
[DEBUG] NIFTY CAPITAL MARKETS match: Central Depository Services (India) Limited, Price: 1121, S: 1121, R: 1233.6
[DEBUG] NIFTY CAPITAL MARKETS match: Angel One Limited, Price: 228.7, S: 216.63, R: 241.67
[DEBUG] NIFTY CAPITAL MARKETS match: Computer Age Management Services Limited, Price: 626.15, S: 622.45, R: 658.15
[DEBUG] NIFTY CAPITAL MARKETS match: 360 ONE WAM LIMITED, Price: 935, S: 939.5, R: 1069.8
[DEBUG] NIFTY CAPITAL MARKETS match: HDFC Asset Management Company Limited, Price: 2211.2, S: 2211.2, R: 2468.9
[DEBUG] NIFTY CAPITAL MARKETS match: Kfin Technologies Limited, Price: 870, S: 869.95, R: 943.8
[DEBUG] NIFTY CAPITAL MARKETS match: Indian Energy Exchange Limited, Price: 115.1, S: 114.88, R: 123.06
[DEBUG] NIFTY CAPITAL MARKETS match: Nippon Life India Asset Management Limited, Price: 799, S: 800, R: 884.8
[DEBUG] NIFTY CAPITAL MARKETS match: Anand Rathi Wealth Limited, Price: 3010.5, S: 2912.4, R: 3070.7
[DEBUG] NIFTY CAPITAL MARKETS match: Motilal Oswal Financial Services Limited, Price: 633.9, S: 628.2, R: 698.3
[DEBUG] NIFTY CAPITAL MARKETS match: Aditya Birla Sun Life AMC Limited, Price: 869.15, S: 877.55, R: 969.45
[DEBUG] NIFTY CAPITAL MARKETS match: UTI Asset Management Company Limited, Price: 940, S: 906.65, R: 970.55
[DEBUG] NIFTY CAPITAL MARKETS match: Multi Commodity Exchange of India Limited, Price: 2390, S: 2314.4, R: 2671.8
[DEBUG] NIFTY CAPITAL MARKETS match: BSE Limited, Price: 2684.5, S: 2685, R: 2995.6
[DEBUG] NIFTY CAPITAL MARKETS match: Central Depository Services (India) Limited, Price: 1121, S: 1121, R: 1233.6
[DEBUG] NIFTY CAPITAL MARKETS match: Angel One Limited, Price: 228.7, S: 216.63, R: 241.67
[DEBUG] NIFTY CAPITAL MARKETS match: Computer Age Management Services Limited, Price: 626.15, S: 622.45, R: 658.15
[DEBUG] NIFTY CAPITAL MARKETS match: 360 ONE WAM LIMITED, Price: 935, S: 939.5, R: 1069.8
[DEBUG] NIFTY CAPITAL MARKETS match: HDFC Asset Management Company Limited, Price: 2211.2, S: 2211.2, R: 2468.9
[DEBUG] NIFTY CAPITAL MARKETS match: Kfin Technologies Limited, Price: 870, S: 869.95, R: 943.8
[DEBUG] NIFTY CAPITAL MARKETS match: Indian Energy Exchange Limited, Price: 115.1, S: 114.88, R: 123.06
[DEBUG] NIFTY CAPITAL MARKETS match: Nippon Life India Asset Management Limited, Price: 799, S: 800, R: 884.8
[DEBUG] NIFTY CAPITAL MARKETS match: Anand Rathi Wealth Limited, Price: 3010.5, S: 2912.4, R: 3070.7
[DEBUG] NIFTY CAPITAL MARKETS match: Motilal Oswal Financial Services Limited, Price: 633.9, S: 628.2, R: 698.3
[DEBUG] NIFTY CAPITAL MARKETS match: Aditya Birla Sun Life AMC Limited, Price: 869.15, S: 877.55, R: 969.45
[DEBUG] NIFTY CAPITAL MARKETS match: UTI Asset Management Company Limited, Price: 940, S: 906.65, R: 970.55
[DEBUG] NIFTY CAPITAL MARKETS match: Multi Commodity Exchange of India Limited, Price: 2390, S: 2314.4, R: 2671.8
[DEBUG] NIFTY CAPITAL MARKETS match: BSE Limited, Price: 2684.5, S: 2685, R: 2995.6
[DEBUG] NIFTY CAPITAL MARKETS match: Central Depository Services (India) Limited, Price: 1121, S: 1121, R: 1233.6
[DEBUG] NIFTY CAPITAL MARKETS match: Angel One Limited, Price: 228.7, S: 216.63, R: 241.67
[DEBUG] NIFTY CAPITAL MARKETS match: Computer Age Management Services Limited, Price: 626.15, S: 622.45, R: 658.15
[DEBUG] NIFTY CAPITAL MARKETS match: 360 ONE WAM LIMITED, Price: 935, S: 939.5, R: 1069.8
[DEBUG] NIFTY CAPITAL MARKETS match: HDFC Asset Management Company Limited, Price: 2211.2, S: 2211.2, R: 2468.9
[DEBUG] NIFTY CAPITAL MARKETS match: Kfin Technologies Limited, Price: 870, S: 869.95, R: 943.8
[DEBUG] NIFTY CAPITAL MARKETS match: Indian Energy Exchange Limited, Price: 115.1, S: 114.88, R: 123.06
[DEBUG] NIFTY CAPITAL MARKETS match: Nippon Life India Asset Management Limited, Price: 799, S: 800, R: 884.8
[DEBUG] NIFTY CAPITAL MARKETS match: Anand Rathi Wealth Limited, Price: 3010.5, S: 2912.4, R: 3070.7
[DEBUG] NIFTY CAPITAL MARKETS match: Motilal Oswal Financial Services Limited, Price: 633.9, S: 628.2, R: 698.3
[DEBUG] NIFTY CAPITAL MARKETS match: Aditya Birla Sun Life AMC Limited, Price: 869.15, S: 877.55, R: 969.45
[DEBUG] NIFTY CAPITAL MARKETS match: UTI Asset Management Company Limited, Price: 940, S: 906.65, R: 970.55
[DEBUG] NIFTY CAPITAL MARKETS match: Multi Commodity Exchange of India Limited, Price: 2390, S: 2314.4, R: 2671.8
[DEBUG] NIFTY CAPITAL MARKETS match: BSE Limited, Price: 2684.5, S: 2685, R: 2995.6
[DEBUG] NIFTY CAPITAL MARKETS match: Central Depository Services (India) Limited, Price: 1121, S: 1121, R: 1233.6
[DEBUG] NIFTY CAPITAL MARKETS match: Angel One Limited, Price: 228.7, S: 216.63, R: 241.67
[DEBUG] NIFTY CAPITAL MARKETS match: Computer Age Management Services Limited, Price: 626.15, S: 622.45, R: 658.15
[DEBUG] NIFTY CAPITAL MARKETS match: 360 ONE WAM LIMITED, Price: 935, S: 939.5, R: 1069.8
[DEBUG] NIFTY CAPITAL MARKETS match: HDFC Asset Management Company Limited, Price: 2211.2, S: 2211.2, R: 2468.9
[DEBUG] NIFTY CAPITAL MARKETS match: Kfin Technologies Limited, Price: 870, S: 869.95, R: 943.8
[DEBUG] NIFTY CAPITAL MARKETS match: Indian Energy Exchange Limited, Price: 115.1, S: 114.88, R: 123.06
[DEBUG] NIFTY CAPITAL MARKETS match: Nippon Life India Asset Management Limited, Price: 799, S: 800, R: 884.8
[DEBUG] NIFTY CAPITAL MARKETS match: Anand Rathi Wealth Limited, Price: 3010.5, S: 2912.4, R: 3070.7
[DEBUG] NIFTY CAPITAL MARKETS match: Motilal Oswal Financial Services Limited, Price: 633.9, S: 628.2, R: 698.3
[DEBUG] NIFTY CAPITAL MARKETS match: Aditya Birla Sun Life AMC Limited, Price: 869.15, S: 877.55, R: 969.45
[DEBUG] NIFTY CAPITAL MARKETS match: UTI Asset Management Company Limited, Price: 940, S: 906.65, R: 970.55
[DEBUG] NIFTY CAPITAL MARKETS match: Multi Commodity Exchange of India Limited, Price: 2390, S: 2314.4, R: 2671.8
[DEBUG] NIFTY CAPITAL MARKETS match: BSE Limited, Price: 2684.5, S: 2685, R: 2995.6
[DEBUG] NIFTY CAPITAL MARKETS match: Central Depository Services (India) Limited, Price: 1121, S: 1121, R: 1233.6
[DEBUG] NIFTY CAPITAL MARKETS match: Angel One Limited, Price: 228.7, S: 216.63, R: 241.67
[DEBUG] NIFTY CAPITAL MARKETS match: Computer Age Management Services Limited, Price: 626.15, S: 622.45, R: 658.15
[DEBUG] NIFTY CAPITAL MARKETS match: 360 ONE WAM LIMITED, Price: 935, S: 939.5, R: 1069.8
[DEBUG] NIFTY CAPITAL MARKETS match: HDFC Asset Management Company Limited, Price: 2211.2, S: 2211.2, R: 2468.9
[DEBUG] NIFTY CAPITAL MARKETS match: Kfin Technologies Limited, Price: 870, S: 869.95, R: 943.8
[DEBUG] NIFTY CAPITAL MARKETS match: Indian Energy Exchange Limited, Price: 115.1, S: 114.88, R: 123.06
[DEBUG] NIFTY CAPITAL MARKETS match: Nippon Life India Asset Management Limited, Price: 799, S: 800, R: 884.8
[DEBUG] NIFTY CAPITAL MARKETS match: Anand Rathi Wealth Limited, Price: 3010.5, S: 2912.4, R: 3070.7
[DEBUG] NIFTY CAPITAL MARKETS match: Motilal Oswal Financial Services Limited, Price: 633.9, S: 628.2, R: 698.3
[DEBUG] NIFTY CAPITAL MARKETS match: Aditya Birla Sun Life AMC Limited, Price: 869.15, S: 877.55, R: 969.45
[DEBUG] NIFTY CAPITAL MARKETS match: UTI Asset Management Company Limited, Price: 940, S: 906.65, R: 970.55
[DEBUG] NIFTY CAPITAL MARKETS match: Multi Commodity Exchange of India Limited, Price: 2390, S: 2314.4, R: 2671.8
[DEBUG] NIFTY CAPITAL MARKETS match: BSE Limited, Price: 2684.5, S: 2685, R: 2995.6
[DEBUG] NIFTY CAPITAL MARKETS match: Central Depository Services (India) Limited, Price: 1121, S: 1121, R: 1233.6
[DEBUG] NIFTY CAPITAL MARKETS match: Angel One Limited, Price: 228.7, S: 216.63, R: 241.67
[DEBUG] NIFTY CAPITAL MARKETS match: Computer Age Management Services Limited, Price: 626.15, S: 622.45, R: 658.15
[DEBUG] NIFTY CAPITAL MARKETS match: 360 ONE WAM LIMITED, Price: 935, S: 939.5, R: 1069.8
[DEBUG] NIFTY CAPITAL MARKETS match: HDFC Asset Management Company Limited, Price: 2211.2, S: 2211.2, R: 2468.9
[DEBUG] NIFTY CAPITAL MARKETS match: Kfin Technologies Limited, Price: 870, S: 869.95, R: 943.8
[DEBUG] NIFTY CAPITAL MARKETS match: Indian Energy Exchange Limited, Price: 115.1, S: 114.88, R: 123.06
[DEBUG] NIFTY CAPITAL MARKETS match: Nippon Life India Asset Management Limited, Price: 799, S: 800, R: 884.8
[DEBUG] NIFTY CAPITAL MARKETS match: Anand Rathi Wealth Limited, Price: 3010.5, S: 2912.4, R: 3070.7
[DEBUG] NIFTY CAPITAL MARKETS match: Motilal Oswal Financial Services Limited, Price: 633.9, S: 628.2, R: 698.3
[DEBUG] NIFTY CAPITAL MARKETS match: Aditya Birla Sun Life AMC Limited, Price: 869.15, S: 877.55, R: 969.45
[DEBUG] NIFTY CAPITAL MARKETS match: UTI Asset Management Company Limited, Price: 940, S: 906.65, R: 970.55
[DEBUG] NIFTY CAPITAL MARKETS match: Multi Commodity Exchange of India Limited, Price: 2390, S: 2314.4, R: 2671.8
[DEBUG] NIFTY CAPITAL MARKETS match: BSE Limited, Price: 2684.5, S: 2685, R: 2995.6
[DEBUG] NIFTY CAPITAL MARKETS match: Central Depository Services (India) Limited, Price: 1121, S: 1121, R: 1233.6
[DEBUG] NIFTY CAPITAL MARKETS match: Angel One Limited, Price: 228.7, S: 216.63, R: 241.67
[DEBUG] NIFTY CAPITAL MARKETS match: Computer Age Management Services Limited, Price: 626.15, S: 622.45, R: 658.15
[DEBUG] NIFTY CAPITAL MARKETS match: 360 ONE WAM LIMITED, Price: 935, S: 939.5, R: 1069.8
[DEBUG] NIFTY CAPITAL MARKETS match: HDFC Asset Management Company Limited, Price: 2211.2, S: 2211.2, R: 2468.9
[DEBUG] NIFTY CAPITAL MARKETS match: Kfin Technologies Limited, Price: 870, S: 869.95, R: 943.8
[DEBUG] NIFTY CAPITAL MARKETS match: Indian Energy Exchange Limited, Price: 115.1, S: 114.88, R: 123.06
[DEBUG] NIFTY CAPITAL MARKETS match: Nippon Life India Asset Management Limited, Price: 799, S: 800, R: 884.8
[DEBUG] NIFTY CAPITAL MARKETS match: Anand Rathi Wealth Limited, Price: 3010.5, S: 2912.4, R: 3070.7
[DEBUG] NIFTY CAPITAL MARKETS match: Motilal Oswal Financial Services Limited, Price: 633.9, S: 628.2, R: 698.3
[DEBUG] NIFTY CAPITAL MARKETS match: Aditya Birla Sun Life AMC Limited, Price: 869.15, S: 877.55, R: 969.45
[DEBUG] NIFTY CAPITAL MARKETS match: UTI Asset Management Company Limited, Price: 940, S: 906.65, R: 970.55
[DEBUG] NIFTY CAPITAL MARKETS match: Multi Commodity Exchange of India Limited, Price: 2390, S: 2314.4, R: 2671.8
[DEBUG] NIFTY CAPITAL MARKETS match: BSE Limited, Price: 2684.5, S: 2685, R: 2995.6
[DEBUG] NIFTY CAPITAL MARKETS match: Central Depository Services (India) Limited, Price: 1121, S: 1121, R: 1233.6
[DEBUG] NIFTY CAPITAL MARKETS match: Angel One Limited, Price: 228.7, S: 216.63, R: 241.67
[DEBUG] NIFTY CAPITAL MARKETS match: Computer Age Management Services Limited, Price: 626.15, S: 622.45, R: 658.15
[DEBUG] NIFTY CAPITAL MARKETS match: 360 ONE WAM LIMITED, Price: 935, S: 939.5, R: 1069.8
[DEBUG] NIFTY CAPITAL MARKETS match: HDFC Asset Management Company Limited, Price: 2211.2, S: 2211.2, R: 2468.9
[DEBUG] NIFTY CAPITAL MARKETS match: Kfin Technologies Limited, Price: 870, S: 869.95, R: 943.8
[DEBUG] NIFTY CAPITAL MARKETS match: Indian Energy Exchange Limited, Price: 115.1, S: 114.88, R: 123.06
[DEBUG] NIFTY CAPITAL MARKETS match: Nippon Life India Asset Management Limited, Price: 799, S: 800, R: 884.8
[DEBUG] NIFTY CAPITAL MARKETS match: Anand Rathi Wealth Limited, Price: 3010.5, S: 2912.4, R: 3070.7
[DEBUG] NIFTY CAPITAL MARKETS match: Motilal Oswal Financial Services Limited, Price: 633.9, S: 628.2, R: 698.3
[DEBUG] NIFTY CAPITAL MARKETS match: Aditya Birla Sun Life AMC Limited, Price: 869.15, S: 877.55, R: 969.45
[DEBUG] NIFTY CAPITAL MARKETS match: UTI Asset Management Company Limited, Price: 940, S: 906.65, R: 970.55
[DEBUG] NIFTY CAPITAL MARKETS match: Multi Commodity Exchange of India Limited, Price: 2390, S: 2314.4, R: 2671.8
[DEBUG] NIFTY CAPITAL MARKETS match: BSE Limited, Price: 2684.5, S: 2685, R: 2995.6
[DEBUG] NIFTY CAPITAL MARKETS match: Central Depository Services (India) Limited, Price: 1121, S: 1121, R: 1233.6
[DEBUG] NIFTY CAPITAL MARKETS match: Angel One Limited, Price: 228.7, S: 216.63, R: 241.67
[DEBUG] NIFTY CAPITAL MARKETS match: Computer Age Management Services Limited, Price: 626.15, S: 622.45, R: 658.15
[DEBUG] NIFTY CAPITAL MARKETS match: 360 ONE WAM LIMITED, Price: 935, S: 939.5, R: 1069.8
[DEBUG] NIFTY CAPITAL MARKETS match: HDFC Asset Management Company Limited, Price: 2211.2, S: 2211.2, R: 2468.9
[DEBUG] NIFTY CAPITAL MARKETS match: Kfin Technologies Limited, Price: 870, S: 869.95, R: 943.8
[DEBUG] NIFTY CAPITAL MARKETS match: Indian Energy Exchange Limited, Price: 115.1, S: 114.88, R: 123.06
[DEBUG] NIFTY CAPITAL MARKETS match: Nippon Life India Asset Management Limited, Price: 799, S: 800, R: 884.8
[DEBUG] NIFTY CAPITAL MARKETS match: Anand Rathi Wealth Limited, Price: 3010.5, S: 2912.4, R: 3070.7
[DEBUG] NIFTY CAPITAL MARKETS match: Motilal Oswal Financial Services Limited, Price: 633.9, S: 628.2, R: 698.3
[DEBUG] NIFTY CAPITAL MARKETS match: Aditya Birla Sun Life AMC Limited, Price: 869.15, S: 877.55, R: 969.45
[DEBUG] NIFTY CAPITAL MARKETS match: UTI Asset Management Company Limited, Price: 940, S: 906.65, R: 970.55
[DEBUG] NIFTY CAPITAL MARKETS match: Multi Commodity Exchange of India Limited, Price: 2390, S: 2314.4, R: 2671.8
[DEBUG] NIFTY CAPITAL MARKETS match: BSE Limited, Price: 2684.5, S: 2685, R: 2995.6
[DEBUG] NIFTY CAPITAL MARKETS match: Central Depository Services (India) Limited, Price: 1121, S: 1121, R: 1233.6
[DEBUG] NIFTY CAPITAL MARKETS match: Angel One Limited, Price: 228.7, S: 216.63, R: 241.67
[DEBUG] NIFTY CAPITAL MARKETS match: Computer Age Management Services Limited, Price: 626.15, S: 622.45, R: 658.15
[DEBUG] NIFTY CAPITAL MARKETS match: 360 ONE WAM LIMITED, Price: 935, S: 939.5, R: 1069.8
[DEBUG] NIFTY CAPITAL MARKETS match: HDFC Asset Management Company Limited, Price: 2211.2, S: 2211.2, R: 2468.9
[DEBUG] NIFTY CAPITAL MARKETS match: Kfin Technologies Limited, Price: 870, S: 869.95, R: 943.8
[DEBUG] NIFTY CAPITAL MARKETS match: Indian Energy Exchange Limited, Price: 115.1, S: 114.88, R: 123.06
[DEBUG] NIFTY CAPITAL MARKETS match: Nippon Life India Asset Management Limited, Price: 799, S: 800, R: 884.8
[DEBUG] NIFTY CAPITAL MARKETS match: Anand Rathi Wealth Limited, Price: 3010.5, S: 2912.4, R: 3070.7
[DEBUG] NIFTY CAPITAL MARKETS match: Motilal Oswal Financial Services Limited, Price: 633.9, S: 628.2, R: 698.3
[DEBUG] NIFTY CAPITAL MARKETS match: Aditya Birla Sun Life AMC Limited, Price: 869.15, S: 877.55, R: 969.45
[DEBUG] NIFTY CAPITAL MARKETS match: UTI Asset Management Company Limited, Price: 940, S: 906.65, R: 970.55
[DEBUG] NIFTY CAPITAL MARKETS match: Multi Commodity Exchange of India Limited, Price: 2390, S: 2314.4, R: 2671.8
[DEBUG] NIFTY CAPITAL MARKETS match: BSE Limited, Price: 2684.5, S: 2685, R: 2995.6
[DEBUG] NIFTY CAPITAL MARKETS match: Central Depository Services (India) Limited, Price: 1121, S: 1121, R: 1233.6
[DEBUG] NIFTY CAPITAL MARKETS match: Angel One Limited, Price: 228.7, S: 216.63, R: 241.67
[DEBUG] NIFTY CAPITAL MARKETS match: Computer Age Management Services Limited, Price: 626.15, S: 622.45, R: 658.15
[DEBUG] NIFTY CAPITAL MARKETS match: 360 ONE WAM LIMITED, Price: 935, S: 939.5, R: 1069.8
[DEBUG] NIFTY CAPITAL MARKETS match: HDFC Asset Management Company Limited, Price: 2211.2, S: 2211.2, R: 2468.9
[DEBUG] NIFTY CAPITAL MARKETS match: Kfin Technologies Limited, Price: 870, S: 869.95, R: 943.8
[DEBUG] NIFTY CAPITAL MARKETS match: Indian Energy Exchange Limited, Price: 115.1, S: 114.88, R: 123.06
[DEBUG] NIFTY CAPITAL MARKETS match: Nippon Life India Asset Management Limited, Price: 799, S: 800, R: 884.8
[DEBUG] NIFTY CAPITAL MARKETS match: Anand Rathi Wealth Limited, Price: 3010.5, S: 2912.4, R: 3070.7
[DEBUG] NIFTY CAPITAL MARKETS match: Motilal Oswal Financial Services Limited, Price: 633.9, S: 628.2, R: 698.3
[DEBUG] NIFTY CAPITAL MARKETS match: Aditya Birla Sun Life AMC Limited, Price: 869.15, S: 877.55, R: 969.45
[DEBUG] NIFTY CAPITAL MARKETS match: UTI Asset Management Company Limited, Price: 940, S: 906.65, R: 970.55
[DEBUG] NIFTY CAPITAL MARKETS match: Multi Commodity Exchange of India Limited, Price: 2390, S: 2314.4, R: 2671.8
[DEBUG] NIFTY CAPITAL MARKETS match: BSE Limited, Price: 2684.5, S: 2685, R: 2995.6
[DEBUG] NIFTY CAPITAL MARKETS match: Central Depository Services (India) Limited, Price: 1121, S: 1121, R: 1233.6
[DEBUG] NIFTY CAPITAL MARKETS match: Angel One Limited, Price: 228.7, S: 216.63, R: 241.67
[DEBUG] NIFTY CAPITAL MARKETS match: Computer Age Management Services Limited, Price: 626.15, S: 622.45, R: 658.15
[DEBUG] NIFTY CAPITAL MARKETS match: 360 ONE WAM LIMITED, Price: 935, S: 939.5, R: 1069.8
[DEBUG] NIFTY CAPITAL MARKETS match: HDFC Asset Management Company Limited, Price: 2211.2, S: 2211.2, R: 2468.9
[DEBUG] NIFTY CAPITAL MARKETS match: Kfin Technologies Limited, Price: 870, S: 869.95, R: 943.8
[DEBUG] NIFTY CAPITAL MARKETS match: Indian Energy Exchange Limited, Price: 115.1, S: 114.88, R: 123.06
[DEBUG] NIFTY CAPITAL MARKETS match: Nippon Life India Asset Management Limited, Price: 799, S: 800, R: 884.8
[DEBUG] NIFTY CAPITAL MARKETS match: Anand Rathi Wealth Limited, Price: 3010.5, S: 2912.4, R: 3070.7
[DEBUG] NIFTY CAPITAL MARKETS match: Motilal Oswal Financial Services Limited, Price: 633.9, S: 628.2, R: 698.3
[DEBUG] NIFTY CAPITAL MARKETS match: Aditya Birla Sun Life AMC Limited, Price: 869.15, S: 877.55, R: 969.45
[DEBUG] NIFTY CAPITAL MARKETS match: UTI Asset Management Company Limited, Price: 940, S: 906.65, R: 970.55
[DEBUG] NIFTY CAPITAL MARKETS match: Multi Commodity Exchange of India Limited, Price: 2390, S: 2314.4, R: 2671.8
[DEBUG] NIFTY CAPITAL MARKETS match: BSE Limited, Price: 2684.5, S: 2685, R: 2995.6
[DEBUG] NIFTY CAPITAL MARKETS match: Central Depository Services (India) Limited, Price: 1121, S: 1121, R: 1233.6
[DEBUG] NIFTY CAPITAL MARKETS match: Angel One Limited, Price: 228.7, S: 216.63, R: 241.67
[DEBUG] NIFTY CAPITAL MARKETS match: Computer Age Management Services Limited, Price: 626.15, S: 622.45, R: 658.15
[DEBUG] NIFTY CAPITAL MARKETS match: 360 ONE WAM LIMITED, Price: 935, S: 939.5, R: 1069.8
[DEBUG] NIFTY CAPITAL MARKETS match: HDFC Asset Management Company Limited, Price: 2211.2, S: 2211.2, R: 2468.9
[DEBUG] NIFTY CAPITAL MARKETS match: Kfin Technologies Limited, Price: 870, S: 869.95, R: 943.8
[DEBUG] NIFTY CAPITAL MARKETS match: Indian Energy Exchange Limited, Price: 115.1, S: 114.88, R: 123.06
[DEBUG] NIFTY CAPITAL MARKETS match: Nippon Life India Asset Management Limited, Price: 799, S: 800, R: 884.8
[DEBUG] NIFTY CAPITAL MARKETS match: Anand Rathi Wealth Limited, Price: 3010.5, S: 2912.4, R: 3070.7
[DEBUG] NIFTY CAPITAL MARKETS match: Motilal Oswal Financial Services Limited, Price: 633.9, S: 628.2, R: 698.3
[DEBUG] NIFTY CAPITAL MARKETS match: Aditya Birla Sun Life AMC Limited, Price: 869.15, S: 877.55, R: 969.45
[DEBUG] NIFTY CAPITAL MARKETS match: UTI Asset Management Company Limited, Price: 940, S: 906.65, R: 970.55
[DEBUG] NIFTY CAPITAL MARKETS match: Multi Commodity Exchange of India Limited, Price: 2390, S: 2314.4, R: 2671.8
[DEBUG] NIFTY CAPITAL MARKETS match: BSE Limited, Price: 2684.5, S: 2685, R: 2995.6
[DEBUG] NIFTY CAPITAL MARKETS match: Central Depository Services (India) Limited, Price: 1121, S: 1121, R: 1233.6
[DEBUG] NIFTY CAPITAL MARKETS match: Angel One Limited, Price: 228.7, S: 216.63, R: 241.67
[DEBUG] NIFTY CAPITAL MARKETS match: Computer Age Management Services Limited, Price: 626.15, S: 622.45, R: 658.15
[DEBUG] NIFTY CAPITAL MARKETS match: 360 ONE WAM LIMITED, Price: 935, S: 939.5, R: 1069.8
[DEBUG] NIFTY CAPITAL MARKETS match: HDFC Asset Management Company Limited, Price: 2211.2, S: 2211.2, R: 2468.9
[DEBUG] NIFTY CAPITAL MARKETS match: Kfin Technologies Limited, Price: 870, S: 869.95, R: 943.8
[DEBUG] NIFTY CAPITAL MARKETS match: Indian Energy Exchange Limited, Price: 115.1, S: 114.88, R: 123.06
[DEBUG] NIFTY CAPITAL MARKETS match: Nippon Life India Asset Management Limited, Price: 799, S: 800, R: 884.8
[DEBUG] NIFTY CAPITAL MARKETS match: Anand Rathi Wealth Limited, Price: 3010.5, S: 2912.4, R: 3070.7
[DEBUG] NIFTY CAPITAL MARKETS match: Motilal Oswal Financial Services Limited, Price: 633.9, S: 628.2, R: 698.3
[DEBUG] NIFTY CAPITAL MARKETS match: Aditya Birla Sun Life AMC Limited, Price: 869.15, S: 877.55, R: 969.45
[DEBUG] NIFTY CAPITAL MARKETS match: UTI Asset Management Company Limited, Price: 940, S: 906.65, R: 970.55
[DEBUG] NIFTY CAPITAL MARKETS match: Multi Commodity Exchange of India Limited, Price: 2390, S: 2314.4, R: 2671.8
[DEBUG] NIFTY CAPITAL MARKETS match: BSE Limited, Price: 2684.5, S: 2685, R: 2995.6
[DEBUG] NIFTY CAPITAL MARKETS match: Central Depository Services (India) Limited, Price: 1121, S: 1121, R: 1233.6
[DEBUG] NIFTY CAPITAL MARKETS match: Angel One Limited, Price: 228.7, S: 216.63, R: 241.67
[DEBUG] NIFTY CAPITAL MARKETS match: Computer Age Management Services Limited, Price: 626.15, S: 622.45, R: 658.15
[DEBUG] NIFTY CAPITAL MARKETS match: 360 ONE WAM LIMITED, Price: 935, S: 939.5, R: 1069.8
[DEBUG] NIFTY CAPITAL MARKETS match: HDFC Asset Management Company Limited, Price: 2211.2, S: 2211.2, R: 2468.9
[DEBUG] NIFTY CAPITAL MARKETS match: Kfin Technologies Limited, Price: 870, S: 869.95, R: 943.8
[DEBUG] NIFTY CAPITAL MARKETS match: Indian Energy Exchange Limited, Price: 115.1, S: 114.88, R: 123.06
[DEBUG] NIFTY CAPITAL MARKETS match: Nippon Life India Asset Management Limited, Price: 799, S: 800, R: 884.8
[DEBUG] NIFTY CAPITAL MARKETS match: Anand Rathi Wealth Limited, Price: 3010.5, S: 2912.4, R: 3070.7
[DEBUG] NIFTY CAPITAL MARKETS match: Motilal Oswal Financial Services Limited, Price: 633.9, S: 628.2, R: 698.3
[DEBUG] NIFTY CAPITAL MARKETS match: Aditya Birla Sun Life AMC Limited, Price: 869.15, S: 877.55, R: 969.45
[DEBUG] NIFTY CAPITAL MARKETS match: UTI Asset Management Company Limited, Price: 940, S: 906.65, R: 970.55
[DEBUG] NIFTY CAPITAL MARKETS match: Multi Commodity Exchange of India Limited, Price: 2390, S: 2314.4, R: 2671.8
[DEBUG] NIFTY CAPITAL MARKETS match: BSE Limited, Price: 2684.5, S: 2685, R: 2995.6
[DEBUG] NIFTY CAPITAL MARKETS match: Central Depository Services (India) Limited, Price: 1121, S: 1121, R: 1233.6
[DEBUG] NIFTY CAPITAL MARKETS match: Angel One Limited, Price: 228.7, S: 216.63, R: 241.67
[DEBUG] NIFTY CAPITAL MARKETS match: Computer Age Management Services Limited, Price: 626.15, S: 622.45, R: 658.15
[DEBUG] NIFTY CAPITAL MARKETS match: 360 ONE WAM LIMITED, Price: 935, S: 939.5, R: 1069.8
[DEBUG] NIFTY CAPITAL MARKETS match: HDFC Asset Management Company Limited, Price: 2211.2, S: 2211.2, R: 2468.9
[DEBUG] NIFTY CAPITAL MARKETS match: Kfin Technologies Limited, Price: 870, S: 869.95, R: 943.8
[DEBUG] NIFTY CAPITAL MARKETS match: Indian Energy Exchange Limited, Price: 115.1, S: 114.88, R: 123.06
[DEBUG] NIFTY CAPITAL MARKETS match: Nippon Life India Asset Management Limited, Price: 799, S: 800, R: 884.8
[DEBUG] NIFTY CAPITAL MARKETS match: Anand Rathi Wealth Limited, Price: 3010.5, S: 2912.4, R: 3070.7
[DEBUG] NIFTY CAPITAL MARKETS match: Motilal Oswal Financial Services Limited, Price: 633.9, S: 628.2, R: 698.3
[DEBUG] NIFTY CAPITAL MARKETS match: Aditya Birla Sun Life AMC Limited, Price: 869.15, S: 877.55, R: 969.45
[DEBUG] NIFTY CAPITAL MARKETS match: UTI Asset Management Company Limited, Price: 940, S: 906.65, R: 970.55
[DEBUG] NIFTY CAPITAL MARKETS match: Multi Commodity Exchange of India Limited, Price: 2390, S: 2314.4, R: 2671.8
[DEBUG] NIFTY CAPITAL MARKETS match: BSE Limited, Price: 2684.5, S: 2685, R: 2995.6
[DEBUG] NIFTY CAPITAL MARKETS match: Central Depository Services (India) Limited, Price: 1121, S: 1121, R: 1233.6
[DEBUG] NIFTY CAPITAL MARKETS match: Angel One Limited, Price: 228.7, S: 216.63, R: 241.67
[DEBUG] NIFTY CAPITAL MARKETS match: Computer Age Management Services Limited, Price: 626.15, S: 622.45, R: 658.15
[DEBUG] NIFTY CAPITAL MARKETS match: 360 ONE WAM LIMITED, Price: 935, S: 939.5, R: 1069.8
[DEBUG] NIFTY CAPITAL MARKETS match: HDFC Asset Management Company Limited, Price: 2211.2, S: 2211.2, R: 2468.9
[DEBUG] NIFTY CAPITAL MARKETS match: Kfin Technologies Limited, Price: 870, S: 869.95, R: 943.8
[DEBUG] NIFTY CAPITAL MARKETS match: Indian Energy Exchange Limited, Price: 115.1, S: 114.88, R: 123.06
[DEBUG] NIFTY CAPITAL MARKETS match: Nippon Life India Asset Management Limited, Price: 799, S: 800, R: 884.8
[DEBUG] NIFTY CAPITAL MARKETS match: Anand Rathi Wealth Limited, Price: 3010.5, S: 2912.4, R: 3070.7
[DEBUG] NIFTY CAPITAL MARKETS match: Motilal Oswal Financial Services Limited, Price: 633.9, S: 628.2, R: 698.3
[DEBUG] NIFTY CAPITAL MARKETS match: Aditya Birla Sun Life AMC Limited, Price: 869.15, S: 877.55, R: 969.45
[DEBUG] NIFTY CAPITAL MARKETS match: UTI Asset Management Company Limited, Price: 940, S: 906.65, R: 970.55
[DEBUG] NIFTY CAPITAL MARKETS match: Multi Commodity Exchange of India Limited, Price: 2390, S: 2314.4, R: 2671.8
[DEBUG] NIFTY CAPITAL MARKETS match: BSE Limited, Price: 2684.5, S: 2685, R: 2995.6
[DEBUG] NIFTY CAPITAL MARKETS match: Central Depository Services (India) Limited, Price: 1121, S: 1121, R: 1233.6
[DEBUG] NIFTY CAPITAL MARKETS match: Angel One Limited, Price: 228.7, S: 216.63, R: 241.67
[DEBUG] NIFTY CAPITAL MARKETS match: Computer Age Management Services Limited, Price: 626.15, S: 622.45, R: 658.15
[DEBUG] NIFTY CAPITAL MARKETS match: 360 ONE WAM LIMITED, Price: 935, S: 939.5, R: 1069.8
[DEBUG] NIFTY CAPITAL MARKETS match: HDFC Asset Management Company Limited, Price: 2211.2, S: 2211.2, R: 2468.9
[DEBUG] NIFTY CAPITAL MARKETS match: Kfin Technologies Limited, Price: 870, S: 869.95, R: 943.8
[DEBUG] NIFTY CAPITAL MARKETS match: Indian Energy Exchange Limited, Price: 115.1, S: 114.88, R: 123.06
[DEBUG] NIFTY CAPITAL MARKETS match: Nippon Life India Asset Management Limited, Price: 799, S: 800, R: 884.8
[DEBUG] NIFTY CAPITAL MARKETS match: Anand Rathi Wealth Limited, Price: 3010.5, S: 2912.4, R: 3070.7
[DEBUG] NIFTY CAPITAL MARKETS match: Motilal Oswal Financial Services Limited, Price: 633.9, S: 628.2, R: 698.3
[DEBUG] NIFTY CAPITAL MARKETS match: Aditya Birla Sun Life AMC Limited, Price: 869.15, S: 877.55, R: 969.45
[DEBUG] NIFTY CAPITAL MARKETS match: UTI Asset Management Company Limited, Price: 940, S: 906.65, R: 970.55
[DEBUG] NIFTY CAPITAL MARKETS match: Multi Commodity Exchange of India Limited, Price: 2390, S: 2314.4, R: 2671.8
[DEBUG] NIFTY CAPITAL MARKETS match: BSE Limited, Price: 2684.5, S: 2685, R: 2995.6
[DEBUG] NIFTY CAPITAL MARKETS match: Central Depository Services (India) Limited, Price: 1121, S: 1121, R: 1233.6
[DEBUG] NIFTY CAPITAL MARKETS match: Angel One Limited, Price: 228.7, S: 216.63, R: 241.67
[DEBUG] NIFTY CAPITAL MARKETS match: Computer Age Management Services Limited, Price: 626.15, S: 622.45, R: 658.15
[DEBUG] NIFTY CAPITAL MARKETS match: 360 ONE WAM LIMITED, Price: 935, S: 939.5, R: 1069.8
[DEBUG] NIFTY CAPITAL MARKETS match: HDFC Asset Management Company Limited, Price: 2211.2, S: 2211.2, R: 2468.9
[DEBUG] NIFTY CAPITAL MARKETS match: Kfin Technologies Limited, Price: 870, S: 869.95, R: 943.8
[DEBUG] NIFTY CAPITAL MARKETS match: Indian Energy Exchange Limited, Price: 115.1, S: 114.88, R: 123.06
[DEBUG] NIFTY CAPITAL MARKETS match: Nippon Life India Asset Management Limited, Price: 799, S: 800, R: 884.8
[DEBUG] NIFTY CAPITAL MARKETS match: Anand Rathi Wealth Limited, Price: 3010.5, S: 2912.4, R: 3070.7
[DEBUG] NIFTY CAPITAL MARKETS match: Motilal Oswal Financial Services Limited, Price: 633.9, S: 628.2, R: 698.3
[DEBUG] NIFTY CAPITAL MARKETS match: Aditya Birla Sun Life AMC Limited, Price: 869.15, S: 877.55, R: 969.45
[DEBUG] NIFTY CAPITAL MARKETS match: UTI Asset Management Company Limited, Price: 940, S: 906.65, R: 970.55
[DEBUG] NIFTY CAPITAL MARKETS match: Multi Commodity Exchange of India Limited, Price: 2390, S: 2314.4, R: 2671.8
[DEBUG] NIFTY CAPITAL MARKETS match: BSE Limited, Price: 2684.5, S: 2685, R: 2995.6
[DEBUG] NIFTY CAPITAL MARKETS match: Central Depository Services (India) Limited, Price: 1121, S: 1121, R: 1233.6
[DEBUG] NIFTY CAPITAL MARKETS match: Angel One Limited, Price: 228.7, S: 216.63, R: 241.67
[DEBUG] NIFTY CAPITAL MARKETS match: Computer Age Management Services Limited, Price: 626.15, S: 622.45, R: 658.15
[DEBUG] NIFTY CAPITAL MARKETS match: 360 ONE WAM LIMITED, Price: 935, S: 939.5, R: 1069.8
[DEBUG] NIFTY CAPITAL MARKETS match: HDFC Asset Management Company Limited, Price: 2211.2, S: 2211.2, R: 2468.9
[DEBUG] NIFTY CAPITAL MARKETS match: Kfin Technologies Limited, Price: 870, S: 869.95, R: 943.8
[DEBUG] NIFTY CAPITAL MARKETS match: Indian Energy Exchange Limited, Price: 115.1, S: 114.88, R: 123.06
[DEBUG] NIFTY CAPITAL MARKETS match: Nippon Life India Asset Management Limited, Price: 799, S: 800, R: 884.8
[DEBUG] NIFTY CAPITAL MARKETS match: Anand Rathi Wealth Limited, Price: 3010.5, S: 2912.4, R: 3070.7
[DEBUG] NIFTY CAPITAL MARKETS match: Motilal Oswal Financial Services Limited, Price: 633.9, S: 628.2, R: 698.3
[DEBUG] NIFTY CAPITAL MARKETS match: Aditya Birla Sun Life AMC Limited, Price: 869.15, S: 877.55, R: 969.45
[DEBUG] NIFTY CAPITAL MARKETS match: UTI Asset Management Company Limited, Price: 940, S: 906.65, R: 970.55
[DEBUG] NIFTY CAPITAL MARKETS match: Multi Commodity Exchange of India Limited, Price: 2390, S: 2314.4, R: 2671.8
[DEBUG] NIFTY CAPITAL MARKETS match: BSE Limited, Price: 2684.5, S: 2685, R: 2995.6
[DEBUG] NIFTY CAPITAL MARKETS match: Central Depository Services (India) Limited, Price: 1121, S: 1121, R: 1233.6
[DEBUG] NIFTY CAPITAL MARKETS match: Angel One Limited, Price: 228.7, S: 216.63, R: 241.67
[DEBUG] NIFTY CAPITAL MARKETS match: Computer Age Management Services Limited, Price: 626.15, S: 622.45, R: 658.15
[DEBUG] NIFTY CAPITAL MARKETS match: 360 ONE WAM LIMITED, Price: 935, S: 939.5, R: 1069.8
[DEBUG] NIFTY CAPITAL MARKETS match: HDFC Asset Management Company Limited, Price: 2211.2, S: 2211.2, R: 2468.9
[DEBUG] NIFTY CAPITAL MARKETS match: Kfin Technologies Limited, Price: 870, S: 869.95, R: 943.8
[DEBUG] NIFTY CAPITAL MARKETS match: Indian Energy Exchange Limited, Price: 115.1, S: 114.88, R: 123.06
[DEBUG] NIFTY CAPITAL MARKETS match: Nippon Life India Asset Management Limited, Price: 799, S: 800, R: 884.8
[DEBUG] NIFTY CAPITAL MARKETS match: Anand Rathi Wealth Limited, Price: 3010.5, S: 2912.4, R: 3070.7
[DEBUG] NIFTY CAPITAL MARKETS match: Motilal Oswal Financial Services Limited, Price: 633.9, S: 628.2, R: 698.3
[DEBUG] NIFTY CAPITAL MARKETS match: Aditya Birla Sun Life AMC Limited, Price: 869.15, S: 877.55, R: 969.45
[DEBUG] NIFTY CAPITAL MARKETS match: UTI Asset Management Company Limited, Price: 940, S: 906.65, R: 970.55
[DEBUG] NIFTY CAPITAL MARKETS match: Multi Commodity Exchange of India Limited, Price: 2390, S: 2314.4, R: 2671.8
[DEBUG] NIFTY CAPITAL MARKETS match: BSE Limited, Price: 2684.5, S: 2685, R: 2995.6
[DEBUG] NIFTY CAPITAL MARKETS match: Central Depository Services (India) Limited, Price: 1121, S: 1121, R: 1233.6
[DEBUG] NIFTY CAPITAL MARKETS match: Angel One Limited, Price: 228.7, S: 216.63, R: 241.67
[DEBUG] NIFTY CAPITAL MARKETS match: Computer Age Management Services Limited, Price: 626.15, S: 622.45, R: 658.15
[DEBUG] NIFTY CAPITAL MARKETS match: 360 ONE WAM LIMITED, Price: 935, S: 939.5, R: 1069.8
[DEBUG] NIFTY CAPITAL MARKETS match: HDFC Asset Management Company Limited, Price: 2211.2, S: 2211.2, R: 2468.9
[DEBUG] NIFTY CAPITAL MARKETS match: Kfin Technologies Limited, Price: 870, S: 869.95, R: 943.8
[DEBUG] NIFTY CAPITAL MARKETS match: Indian Energy Exchange Limited, Price: 115.1, S: 114.88, R: 123.06
[DEBUG] NIFTY CAPITAL MARKETS match: Nippon Life India Asset Management Limited, Price: 799, S: 800, R: 884.8
[DEBUG] NIFTY CAPITAL MARKETS match: Anand Rathi Wealth Limited, Price: 3010.5, S: 2912.4, R: 3070.7
[DEBUG] NIFTY CAPITAL MARKETS match: Motilal Oswal Financial Services Limited, Price: 633.9, S: 628.2, R: 698.3
[DEBUG] NIFTY CAPITAL MARKETS match: Aditya Birla Sun Life AMC Limited, Price: 869.15, S: 877.55, R: 969.45
[DEBUG] NIFTY CAPITAL MARKETS match: UTI Asset Management Company Limited, Price: 940, S: 906.65, R: 970.55
[DEBUG] NIFTY CAPITAL MARKETS match: Multi Commodity Exchange of India Limited, Price: 2390, S: 2314.4, R: 2671.8
[DEBUG] NIFTY CAPITAL MARKETS match: BSE Limited, Price: 2684.5, S: 2685, R: 2995.6
[DEBUG] NIFTY CAPITAL MARKETS match: Central Depository Services (India) Limited, Price: 1121, S: 1121, R: 1233.6
[DEBUG] NIFTY CAPITAL MARKETS match: Angel One Limited, Price: 228.7, S: 216.63, R: 241.67
[DEBUG] NIFTY CAPITAL MARKETS match: Computer Age Management Services Limited, Price: 626.15, S: 622.45, R: 658.15
[DEBUG] NIFTY CAPITAL MARKETS match: 360 ONE WAM LIMITED, Price: 935, S: 939.5, R: 1069.8
[DEBUG] NIFTY CAPITAL MARKETS match: HDFC Asset Management Company Limited, Price: 2211.2, S: 2211.2, R: 2468.9
[DEBUG] NIFTY CAPITAL MARKETS match: Kfin Technologies Limited, Price: 870, S: 869.95, R: 943.8
[DEBUG] NIFTY CAPITAL MARKETS match: Indian Energy Exchange Limited, Price: 115.1, S: 114.88, R: 123.06
[DEBUG] NIFTY CAPITAL MARKETS match: Nippon Life India Asset Management Limited, Price: 799, S: 800, R: 884.8
[DEBUG] NIFTY CAPITAL MARKETS match: Anand Rathi Wealth Limited, Price: 3010.5, S: 2912.4, R: 3070.7
[DEBUG] NIFTY CAPITAL MARKETS match: Motilal Oswal Financial Services Limited, Price: 633.9, S: 628.2, R: 698.3
[DEBUG] NIFTY CAPITAL MARKETS match: Aditya Birla Sun Life AMC Limited, Price: 869.15, S: 877.55, R: 969.45
[DEBUG] NIFTY CAPITAL MARKETS match: UTI Asset Management Company Limited, Price: 940, S: 906.65, R: 970.55
[DEBUG] NIFTY CAPITAL MARKETS match: Multi Commodity Exchange of India Limited, Price: 2455.7, S: 2314.4, R: 2671.8
[DEBUG] NIFTY CAPITAL MARKETS match: BSE Limited, Price: 2866, S: 2685, R: 2995.6
[DEBUG] NIFTY CAPITAL MARKETS match: Central Depository Services (India) Limited, Price: 1191.9, S: 1121, R: 1233.6
[DEBUG] NIFTY CAPITAL MARKETS match: Angel One Limited, Price: 240.13, S: 216.63, R: 241.67
[DEBUG] NIFTY CAPITAL MARKETS match: Computer Age Management Services Limited, Price: 667.1, S: 622.45, R: 658.15
[DEBUG] NIFTY CAPITAL MARKETS match: 360 ONE WAM LIMITED, Price: 975.2, S: 939.5, R: 1069.8
[DEBUG] NIFTY CAPITAL MARKETS match: HDFC Asset Management Company Limited, Price: 2311.3, S: 2211.2, R: 2468.9
[DEBUG] NIFTY CAPITAL MARKETS match: Kfin Technologies Limited, Price: 911.55, S: 869.95, R: 943.8
[DEBUG] NIFTY CAPITAL MARKETS match: Indian Energy Exchange Limited, Price: 119.66, S: 114.88, R: 123.06
[DEBUG] NIFTY CAPITAL MARKETS match: Nippon Life India Asset Management Limited, Price: 836.25, S: 800, R: 884.8
[DEBUG] NIFTY CAPITAL MARKETS match: Anand Rathi Wealth Limited, Price: 3105.7, S: 2912.4, R: 3070.7
[DEBUG] NIFTY CAPITAL MARKETS match: Motilal Oswal Financial Services Limited, Price: 679.3, S: 628.2, R: 698.3
[DEBUG] NIFTY CAPITAL MARKETS match: Aditya Birla Sun Life AMC Limited, Price: 899.35, S: 877.55, R: 969.45
[DEBUG] NIFTY CAPITAL MARKETS match: UTI Asset Management Company Limited, Price: 959, S: 906.65, R: 970.55
[DEBUG] NIFTY CAPITAL MARKETS match: Multi Commodity Exchange of India Limited, Price: 2458, S: 2314.4, R: 2671.8
[DEBUG] NIFTY CAPITAL MARKETS match: BSE Limited, Price: 2866, S: 2685, R: 2995.6
[DEBUG] NIFTY CAPITAL MARKETS match: Central Depository Services (India) Limited, Price: 1187.2, S: 1121, R: 1233.6
[DEBUG] NIFTY CAPITAL MARKETS match: Angel One Limited, Price: 240.96, S: 216.63, R: 241.67
[DEBUG] NIFTY CAPITAL MARKETS match: Computer Age Management Services Limited, Price: 666.5, S: 622.45, R: 658.15
[DEBUG] NIFTY CAPITAL MARKETS match: 360 ONE WAM LIMITED, Price: 975.2, S: 939.5, R: 1069.8
[DEBUG] NIFTY CAPITAL MARKETS match: HDFC Asset Management Company Limited, Price: 2309.9, S: 2211.2, R: 2468.9
[DEBUG] NIFTY CAPITAL MARKETS match: Kfin Technologies Limited, Price: 911.55, S: 869.95, R: 943.8
[DEBUG] NIFTY CAPITAL MARKETS match: Indian Energy Exchange Limited, Price: 119.47, S: 114.88, R: 123.06
[DEBUG] NIFTY CAPITAL MARKETS match: Nippon Life India Asset Management Limited, Price: 834, S: 800, R: 884.8
[DEBUG] NIFTY CAPITAL MARKETS match: Anand Rathi Wealth Limited, Price: 3105.8, S: 2912.4, R: 3070.7
[DEBUG] NIFTY CAPITAL MARKETS match: Motilal Oswal Financial Services Limited, Price: 679.3, S: 628.2, R: 698.3
[DEBUG] NIFTY CAPITAL MARKETS match: Aditya Birla Sun Life AMC Limited, Price: 899.35, S: 877.55, R: 969.45
[DEBUG] NIFTY CAPITAL MARKETS match: UTI Asset Management Company Limited, Price: 959, S: 906.65, R: 970.55
[DEBUG] NIFTY CAPITAL MARKETS match: Multi Commodity Exchange of India Limited, Price: 2458, S: 2314.4, R: 2671.8
[DEBUG] NIFTY CAPITAL MARKETS match: BSE Limited, Price: 2866, S: 2685, R: 2995.6
[DEBUG] NIFTY CAPITAL MARKETS match: Central Depository Services (India) Limited, Price: 1187.2, S: 1121, R: 1233.6
[DEBUG] NIFTY CAPITAL MARKETS match: Angel One Limited, Price: 240.96, S: 216.63, R: 241.67
[DEBUG] NIFTY CAPITAL MARKETS match: Computer Age Management Services Limited, Price: 666.5, S: 622.45, R: 658.15
[DEBUG] NIFTY CAPITAL MARKETS match: 360 ONE WAM LIMITED, Price: 975.2, S: 939.5, R: 1069.8
[DEBUG] NIFTY CAPITAL MARKETS match: HDFC Asset Management Company Limited, Price: 2309.9, S: 2211.2, R: 2468.9
[DEBUG] NIFTY CAPITAL MARKETS match: Kfin Technologies Limited, Price: 911.55, S: 869.95, R: 943.8
[DEBUG] NIFTY CAPITAL MARKETS match: Indian Energy Exchange Limited, Price: 119.47, S: 114.88, R: 123.06
[DEBUG] NIFTY CAPITAL MARKETS match: Nippon Life India Asset Management Limited, Price: 834, S: 800, R: 884.8
[DEBUG] NIFTY CAPITAL MARKETS match: Anand Rathi Wealth Limited, Price: 3105.8, S: 2912.4, R: 3070.7
[DEBUG] NIFTY CAPITAL MARKETS match: Motilal Oswal Financial Services Limited, Price: 679.3, S: 628.2, R: 698.3
[DEBUG] NIFTY CAPITAL MARKETS match: Aditya Birla Sun Life AMC Limited, Price: 899.35, S: 877.55, R: 969.45
[DEBUG] NIFTY CAPITAL MARKETS match: UTI Asset Management Company Limited, Price: 959, S: 906.65, R: 970.55
[DEBUG] NIFTY CAPITAL MARKETS match: Multi Commodity Exchange of India Limited, Price: 2458, S: 2314.4, R: 2671.8
[DEBUG] NIFTY CAPITAL MARKETS match: BSE Limited, Price: 2866, S: 2685, R: 2995.6
[DEBUG] NIFTY CAPITAL MARKETS match: Central Depository Services (India) Limited, Price: 1187.2, S: 1121, R: 1233.6
[DEBUG] NIFTY CAPITAL MARKETS match: Angel One Limited, Price: 240.96, S: 216.63, R: 241.67
[DEBUG] NIFTY CAPITAL MARKETS match: Computer Age Management Services Limited, Price: 666.5, S: 622.45, R: 658.15
[DEBUG] NIFTY CAPITAL MARKETS match: 360 ONE WAM LIMITED, Price: 975.2, S: 939.5, R: 1069.8
[DEBUG] NIFTY CAPITAL MARKETS match: HDFC Asset Management Company Limited, Price: 2309.9, S: 2211.2, R: 2468.9
[DEBUG] NIFTY CAPITAL MARKETS match: Kfin Technologies Limited, Price: 911.55, S: 869.95, R: 943.8
[DEBUG] NIFTY CAPITAL MARKETS match: Indian Energy Exchange Limited, Price: 119.47, S: 114.88, R: 123.06
[DEBUG] NIFTY CAPITAL MARKETS match: Nippon Life India Asset Management Limited, Price: 834, S: 800, R: 884.8
[DEBUG] NIFTY CAPITAL MARKETS match: Anand Rathi Wealth Limited, Price: 3105.8, S: 2912.4, R: 3070.7
[DEBUG] NIFTY CAPITAL MARKETS match: Motilal Oswal Financial Services Limited, Price: 679.3, S: 628.2, R: 698.3
[DEBUG] NIFTY CAPITAL MARKETS match: Aditya Birla Sun Life AMC Limited, Price: 899.35, S: 877.55, R: 969.45
[DEBUG] NIFTY CAPITAL MARKETS match: UTI Asset Management Company Limited, Price: 959, S: 906.65, R: 970.55
[DEBUG] NIFTY CAPITAL MARKETS match: Multi Commodity Exchange of India Limited, Price: 2455.7, S: 2314.4, R: 2671.8
[DEBUG] NIFTY CAPITAL MARKETS match: BSE Limited, Price: 2866, S: 2685, R: 2995.6
[DEBUG] NIFTY CAPITAL MARKETS match: Central Depository Services (India) Limited, Price: 1191.9, S: 1121, R: 1233.6
[DEBUG] NIFTY CAPITAL MARKETS match: Angel One Limited, Price: 239.5, S: 216.63, R: 241.67
[DEBUG] NIFTY CAPITAL MARKETS match: Computer Age Management Services Limited, Price: 667.1, S: 622.45, R: 658.15
[DEBUG] NIFTY CAPITAL MARKETS match: 360 ONE WAM LIMITED, Price: 967.35, S: 939.5, R: 1069.8
[DEBUG] NIFTY CAPITAL MARKETS match: HDFC Asset Management Company Limited, Price: 2308, S: 2211.2, R: 2468.9
[DEBUG] NIFTY CAPITAL MARKETS match: Kfin Technologies Limited, Price: 911.75, S: 869.95, R: 943.8
[DEBUG] NIFTY CAPITAL MARKETS match: Indian Energy Exchange Limited, Price: 119.19, S: 114.88, R: 123.06
[DEBUG] NIFTY CAPITAL MARKETS match: Nippon Life India Asset Management Limited, Price: 834, S: 800, R: 884.8
[DEBUG] NIFTY CAPITAL MARKETS match: Anand Rathi Wealth Limited, Price: 3105.8, S: 2912.4, R: 3070.7
[DEBUG] NIFTY CAPITAL MARKETS match: Motilal Oswal Financial Services Limited, Price: 676.35, S: 628.2, R: 698.3
[DEBUG] NIFTY CAPITAL MARKETS match: Aditya Birla Sun Life AMC Limited, Price: 899.35, S: 877.55, R: 969.45
[DEBUG] NIFTY CAPITAL MARKETS match: UTI Asset Management Company Limited, Price: 960.55, S: 906.65, R: 970.55
[DEBUG] NIFTY CAPITAL MARKETS match: Multi Commodity Exchange of India Limited, Price: 2455.7, S: 2314.4, R: 2671.8
[DEBUG] NIFTY CAPITAL MARKETS match: BSE Limited, Price: 2866, S: 2685, R: 2995.6
[DEBUG] NIFTY CAPITAL MARKETS match: Central Depository Services (India) Limited, Price: 1191.9, S: 1121, R: 1233.6
[DEBUG] NIFTY CAPITAL MARKETS match: Angel One Limited, Price: 239.5, S: 216.63, R: 241.67
[DEBUG] NIFTY CAPITAL MARKETS match: Computer Age Management Services Limited, Price: 667.1, S: 622.45, R: 658.15
[DEBUG] NIFTY CAPITAL MARKETS match: 360 ONE WAM LIMITED, Price: 967.35, S: 939.5, R: 1069.8
[DEBUG] NIFTY CAPITAL MARKETS match: HDFC Asset Management Company Limited, Price: 2308, S: 2211.2, R: 2468.9
[DEBUG] NIFTY CAPITAL MARKETS match: Kfin Technologies Limited, Price: 911.75, S: 869.95, R: 943.8
[DEBUG] NIFTY CAPITAL MARKETS match: Indian Energy Exchange Limited, Price: 119.19, S: 114.88, R: 123.06
[DEBUG] NIFTY CAPITAL MARKETS match: Nippon Life India Asset Management Limited, Price: 834, S: 800, R: 884.8
[DEBUG] NIFTY CAPITAL MARKETS match: Anand Rathi Wealth Limited, Price: 3105.8, S: 2912.4, R: 3070.7
[DEBUG] NIFTY CAPITAL MARKETS match: Motilal Oswal Financial Services Limited, Price: 676.35, S: 628.2, R: 698.3
[DEBUG] NIFTY CAPITAL MARKETS match: Aditya Birla Sun Life AMC Limited, Price: 899.35, S: 877.55, R: 969.45
[DEBUG] NIFTY CAPITAL MARKETS match: UTI Asset Management Company Limited, Price: 960.55, S: 906.65, R: 970.55
[DEBUG] NIFTY CAPITAL MARKETS match: Multi Commodity Exchange of India Limited, Price: 2455.7, S: 2314.4, R: 2671.8
[DEBUG] NIFTY CAPITAL MARKETS match: BSE Limited, Price: 2866, S: 2685, R: 2995.6
[DEBUG] NIFTY CAPITAL MARKETS match: Central Depository Services (India) Limited, Price: 1191.9, S: 1121, R: 1233.6
[DEBUG] NIFTY CAPITAL MARKETS match: Angel One Limited, Price: 239.5, S: 216.63, R: 241.67
[DEBUG] NIFTY CAPITAL MARKETS match: Computer Age Management Services Limited, Price: 667.1, S: 622.45, R: 658.15
[DEBUG] NIFTY CAPITAL MARKETS match: 360 ONE WAM LIMITED, Price: 967.35, S: 939.5, R: 1069.8
[DEBUG] NIFTY CAPITAL MARKETS match: HDFC Asset Management Company Limited, Price: 2308, S: 2211.2, R: 2468.9
[DEBUG] NIFTY CAPITAL MARKETS match: Kfin Technologies Limited, Price: 911.75, S: 869.95, R: 943.8
[DEBUG] NIFTY CAPITAL MARKETS match: Indian Energy Exchange Limited, Price: 119.19, S: 114.88, R: 123.06
[DEBUG] NIFTY CAPITAL MARKETS match: Nippon Life India Asset Management Limited, Price: 834, S: 800, R: 884.8
[DEBUG] NIFTY CAPITAL MARKETS match: Anand Rathi Wealth Limited, Price: 3105.8, S: 2912.4, R: 3070.7
[DEBUG] NIFTY CAPITAL MARKETS match: Motilal Oswal Financial Services Limited, Price: 676.35, S: 628.2, R: 698.3
[DEBUG] NIFTY CAPITAL MARKETS match: Aditya Birla Sun Life AMC Limited, Price: 899.35, S: 877.55, R: 969.45
[DEBUG] NIFTY CAPITAL MARKETS match: UTI Asset Management Company Limited, Price: 960.55, S: 906.65, R: 970.55
[DEBUG] NIFTY CAPITAL MARKETS match: Multi Commodity Exchange of India Limited, Price: 2455.7, S: 2314.4, R: 2671.8
[DEBUG] NIFTY CAPITAL MARKETS match: BSE Limited, Price: 2866, S: 2685, R: 2995.6
[DEBUG] NIFTY CAPITAL MARKETS match: Central Depository Services (India) Limited, Price: 1187.2, S: 1121, R: 1233.6
[DEBUG] NIFTY CAPITAL MARKETS match: Angel One Limited, Price: 240.96, S: 216.63, R: 241.67
[DEBUG] NIFTY CAPITAL MARKETS match: Computer Age Management Services Limited, Price: 667.1, S: 622.45, R: 658.15
[DEBUG] NIFTY CAPITAL MARKETS match: 360 ONE WAM LIMITED, Price: 969.55, S: 939.5, R: 1069.8
[DEBUG] NIFTY CAPITAL MARKETS match: HDFC Asset Management Company Limited, Price: 2308, S: 2211.2, R: 2468.9
[DEBUG] NIFTY CAPITAL MARKETS match: Kfin Technologies Limited, Price: 912.85, S: 869.95, R: 943.8
[DEBUG] NIFTY CAPITAL MARKETS match: Indian Energy Exchange Limited, Price: 119.47, S: 114.88, R: 123.06
[DEBUG] NIFTY CAPITAL MARKETS match: Nippon Life India Asset Management Limited, Price: 834, S: 800, R: 884.8
[DEBUG] NIFTY CAPITAL MARKETS match: Anand Rathi Wealth Limited, Price: 3105.8, S: 2912.4, R: 3070.7
[DEBUG] NIFTY CAPITAL MARKETS match: Motilal Oswal Financial Services Limited, Price: 676.35, S: 628.2, R: 698.3
[DEBUG] NIFTY CAPITAL MARKETS match: Aditya Birla Sun Life AMC Limited, Price: 899.45, S: 877.55, R: 969.45
[DEBUG] NIFTY CAPITAL MARKETS match: UTI Asset Management Company Limited, Price: 959, S: 906.65, R: 970.55
[DEBUG] NIFTY CAPITAL MARKETS match: Multi Commodity Exchange of India Limited, Price: 2455.7, S: 2314.4, R: 2671.8
[DEBUG] NIFTY CAPITAL MARKETS match: BSE Limited, Price: 2866, S: 2685, R: 2995.6
[DEBUG] NIFTY CAPITAL MARKETS match: Central Depository Services (India) Limited, Price: 1187.2, S: 1121, R: 1233.6
[DEBUG] NIFTY CAPITAL MARKETS match: Angel One Limited, Price: 240.96, S: 216.63, R: 241.67
[DEBUG] NIFTY CAPITAL MARKETS match: Computer Age Management Services Limited, Price: 667.1, S: 622.45, R: 658.15
[DEBUG] NIFTY CAPITAL MARKETS match: 360 ONE WAM LIMITED, Price: 969.55, S: 939.5, R: 1069.8
[DEBUG] NIFTY CAPITAL MARKETS match: HDFC Asset Management Company Limited, Price: 2308, S: 2211.2, R: 2468.9
[DEBUG] NIFTY CAPITAL MARKETS match: Kfin Technologies Limited, Price: 912.85, S: 869.95, R: 943.8
[DEBUG] NIFTY CAPITAL MARKETS match: Indian Energy Exchange Limited, Price: 119.47, S: 114.88, R: 123.06
[DEBUG] NIFTY CAPITAL MARKETS match: Nippon Life India Asset Management Limited, Price: 834, S: 800, R: 884.8
[DEBUG] NIFTY CAPITAL MARKETS match: Anand Rathi Wealth Limited, Price: 3105.8, S: 2912.4, R: 3070.7
[DEBUG] NIFTY CAPITAL MARKETS match: Motilal Oswal Financial Services Limited, Price: 676.35, S: 628.2, R: 698.3
[DEBUG] NIFTY CAPITAL MARKETS match: Aditya Birla Sun Life AMC Limited, Price: 899.45, S: 877.55, R: 969.45
[DEBUG] NIFTY CAPITAL MARKETS match: UTI Asset Management Company Limited, Price: 959, S: 906.65, R: 970.55
[DEBUG] NIFTY CAPITAL MARKETS match: Multi Commodity Exchange of India Limited, Price: 2458, S: 2314.4, R: 2671.8
[DEBUG] NIFTY CAPITAL MARKETS match: BSE Limited, Price: 2866, S: 2685, R: 2995.6
[DEBUG] NIFTY CAPITAL MARKETS match: Central Depository Services (India) Limited, Price: 1191.9, S: 1121, R: 1233.6
[DEBUG] NIFTY CAPITAL MARKETS match: Angel One Limited, Price: 239.5, S: 216.63, R: 241.67
[DEBUG] NIFTY CAPITAL MARKETS match: Computer Age Management Services Limited, Price: 667.1, S: 622.45, R: 658.15
[DEBUG] NIFTY CAPITAL MARKETS match: 360 ONE WAM LIMITED, Price: 969.55, S: 939.5, R: 1069.8
[DEBUG] NIFTY CAPITAL MARKETS match: HDFC Asset Management Company Limited, Price: 2309.9, S: 2211.2, R: 2468.9
[DEBUG] NIFTY CAPITAL MARKETS match: Kfin Technologies Limited, Price: 912.85, S: 869.95, R: 943.8
[DEBUG] NIFTY CAPITAL MARKETS match: Indian Energy Exchange Limited, Price: 119.25, S: 114.88, R: 123.06
[DEBUG] NIFTY CAPITAL MARKETS match: Nippon Life India Asset Management Limited, Price: 834, S: 800, R: 884.8
[DEBUG] NIFTY CAPITAL MARKETS match: Anand Rathi Wealth Limited, Price: 3105.8, S: 2912.4, R: 3070.7
[DEBUG] NIFTY CAPITAL MARKETS match: Motilal Oswal Financial Services Limited, Price: 679.3, S: 628.2, R: 698.3
[DEBUG] NIFTY CAPITAL MARKETS match: Aditya Birla Sun Life AMC Limited, Price: 899.35, S: 877.55, R: 969.45
[DEBUG] NIFTY CAPITAL MARKETS match: UTI Asset Management Company Limited, Price: 959, S: 906.65, R: 970.55
[DEBUG] NIFTY CAPITAL MARKETS match: Multi Commodity Exchange of India Limited, Price: 2458, S: 2314.4, R: 2671.8
[DEBUG] NIFTY CAPITAL MARKETS match: BSE Limited, Price: 2866, S: 2685, R: 2995.6
[DEBUG] NIFTY CAPITAL MARKETS match: Central Depository Services (India) Limited, Price: 1191.9, S: 1121, R: 1233.6
[DEBUG] NIFTY CAPITAL MARKETS match: Angel One Limited, Price: 239.5, S: 216.63, R: 241.67
[DEBUG] NIFTY CAPITAL MARKETS match: Computer Age Management Services Limited, Price: 667.1, S: 622.45, R: 658.15
[DEBUG] NIFTY CAPITAL MARKETS match: 360 ONE WAM LIMITED, Price: 969.55, S: 939.5, R: 1069.8
[DEBUG] NIFTY CAPITAL MARKETS match: HDFC Asset Management Company Limited, Price: 2309.9, S: 2211.2, R: 2468.9
[DEBUG] NIFTY CAPITAL MARKETS match: Kfin Technologies Limited, Price: 912.85, S: 869.95, R: 943.8
[DEBUG] NIFTY CAPITAL MARKETS match: Indian Energy Exchange Limited, Price: 119.25, S: 114.88, R: 123.06
[DEBUG] NIFTY CAPITAL MARKETS match: Nippon Life India Asset Management Limited, Price: 834, S: 800, R: 884.8
[DEBUG] NIFTY CAPITAL MARKETS match: Anand Rathi Wealth Limited, Price: 3105.8, S: 2912.4, R: 3070.7
[DEBUG] NIFTY CAPITAL MARKETS match: Motilal Oswal Financial Services Limited, Price: 679.3, S: 628.2, R: 698.3
[DEBUG] NIFTY CAPITAL MARKETS match: Aditya Birla Sun Life AMC Limited, Price: 899.35, S: 877.55, R: 969.45
[DEBUG] NIFTY CAPITAL MARKETS match: UTI Asset Management Company Limited, Price: 959, S: 906.65, R: 970.55
[DEBUG] NIFTY CAPITAL MARKETS match: Multi Commodity Exchange of India Limited, Price: 2455.7, S: 2314.4, R: 2671.8
[DEBUG] NIFTY CAPITAL MARKETS match: BSE Limited, Price: 2866, S: 2685, R: 2995.6
[DEBUG] NIFTY CAPITAL MARKETS match: Central Depository Services (India) Limited, Price: 1189.4, S: 1121, R: 1233.6
[DEBUG] NIFTY CAPITAL MARKETS match: Angel One Limited, Price: 239.5, S: 216.63, R: 241.67
[DEBUG] NIFTY CAPITAL MARKETS match: Computer Age Management Services Limited, Price: 665, S: 622.45, R: 658.15
[DEBUG] NIFTY CAPITAL MARKETS match: 360 ONE WAM LIMITED, Price: 969.55, S: 939.5, R: 1069.8
[DEBUG] NIFTY CAPITAL MARKETS match: HDFC Asset Management Company Limited, Price: 2309.9, S: 2211.2, R: 2468.9
[DEBUG] NIFTY CAPITAL MARKETS match: Kfin Technologies Limited, Price: 912.85, S: 869.95, R: 943.8
[DEBUG] NIFTY CAPITAL MARKETS match: Indian Energy Exchange Limited, Price: 119.19, S: 114.88, R: 123.06
[DEBUG] NIFTY CAPITAL MARKETS match: Nippon Life India Asset Management Limited, Price: 834, S: 800, R: 884.8
[DEBUG] NIFTY CAPITAL MARKETS match: Anand Rathi Wealth Limited, Price: 3105.7, S: 2912.4, R: 3070.7
[DEBUG] NIFTY CAPITAL MARKETS match: Motilal Oswal Financial Services Limited, Price: 679.3, S: 628.2, R: 698.3
[DEBUG] NIFTY CAPITAL MARKETS match: Aditya Birla Sun Life AMC Limited, Price: 896, S: 877.55, R: 969.45
[DEBUG] NIFTY CAPITAL MARKETS match: UTI Asset Management Company Limited, Price: 954.95, S: 906.65, R: 970.55
[DEBUG] NIFTY CAPITAL MARKETS match: Multi Commodity Exchange of India Limited, Price: 2455.7, S: 2314.4, R: 2671.8
[DEBUG] NIFTY CAPITAL MARKETS match: BSE Limited, Price: 2866, S: 2685, R: 2995.6
[DEBUG] NIFTY CAPITAL MARKETS match: Central Depository Services (India) Limited, Price: 1189.4, S: 1121, R: 1233.6
[DEBUG] NIFTY CAPITAL MARKETS match: Angel One Limited, Price: 239.5, S: 216.63, R: 241.67
[DEBUG] NIFTY CAPITAL MARKETS match: Computer Age Management Services Limited, Price: 665, S: 622.45, R: 658.15
[DEBUG] NIFTY CAPITAL MARKETS match: 360 ONE WAM LIMITED, Price: 969.55, S: 939.5, R: 1069.8
[DEBUG] NIFTY CAPITAL MARKETS match: HDFC Asset Management Company Limited, Price: 2309.9, S: 2211.2, R: 2468.9
[DEBUG] NIFTY CAPITAL MARKETS match: Kfin Technologies Limited, Price: 912.85, S: 869.95, R: 943.8
[DEBUG] NIFTY CAPITAL MARKETS match: Indian Energy Exchange Limited, Price: 119.19, S: 114.88, R: 123.06
[DEBUG] NIFTY CAPITAL MARKETS match: Nippon Life India Asset Management Limited, Price: 834, S: 800, R: 884.8
[DEBUG] NIFTY CAPITAL MARKETS match: Anand Rathi Wealth Limited, Price: 3105.7, S: 2912.4, R: 3070.7
[DEBUG] NIFTY CAPITAL MARKETS match: Motilal Oswal Financial Services Limited, Price: 679.3, S: 628.2, R: 698.3
[DEBUG] NIFTY CAPITAL MARKETS match: Aditya Birla Sun Life AMC Limited, Price: 896, S: 877.55, R: 969.45
[DEBUG] NIFTY CAPITAL MARKETS match: UTI Asset Management Company Limited, Price: 954.95, S: 906.65, R: 970.55
[DEBUG] NIFTY CAPITAL MARKETS match: Multi Commodity Exchange of India Limited, Price: 2455.7, S: 2314.4, R: 2671.8
[DEBUG] NIFTY CAPITAL MARKETS match: BSE Limited, Price: 2866, S: 2685, R: 2995.6
[DEBUG] NIFTY CAPITAL MARKETS match: Central Depository Services (India) Limited, Price: 1189.4, S: 1121, R: 1233.6
[DEBUG] NIFTY CAPITAL MARKETS match: Angel One Limited, Price: 239.5, S: 216.63, R: 241.67
[DEBUG] NIFTY CAPITAL MARKETS match: Computer Age Management Services Limited, Price: 665, S: 622.45, R: 658.15
[DEBUG] NIFTY CAPITAL MARKETS match: 360 ONE WAM LIMITED, Price: 969.55, S: 939.5, R: 1069.8
[DEBUG] NIFTY CAPITAL MARKETS match: HDFC Asset Management Company Limited, Price: 2309.9, S: 2211.2, R: 2468.9
[DEBUG] NIFTY CAPITAL MARKETS match: Kfin Technologies Limited, Price: 912.85, S: 869.95, R: 943.8
[DEBUG] NIFTY CAPITAL MARKETS match: Indian Energy Exchange Limited, Price: 119.19, S: 114.88, R: 123.06
[DEBUG] NIFTY CAPITAL MARKETS match: Nippon Life India Asset Management Limited, Price: 834, S: 800, R: 884.8
[DEBUG] NIFTY CAPITAL MARKETS match: Anand Rathi Wealth Limited, Price: 3105.7, S: 2912.4, R: 3070.7
[DEBUG] NIFTY CAPITAL MARKETS match: Motilal Oswal Financial Services Limited, Price: 679.3, S: 628.2, R: 698.3
[DEBUG] NIFTY CAPITAL MARKETS match: Aditya Birla Sun Life AMC Limited, Price: 896, S: 877.55, R: 969.45
[DEBUG] NIFTY CAPITAL MARKETS match: UTI Asset Management Company Limited, Price: 954.95, S: 906.65, R: 970.55
[DEBUG] NIFTY CAPITAL MARKETS match: Multi Commodity Exchange of India Limited, Price: 2451.6, S: 2314.4, R: 2671.8
[DEBUG] NIFTY CAPITAL MARKETS match: BSE Limited, Price: 2859, S: 2685, R: 2995.6
[DEBUG] NIFTY CAPITAL MARKETS match: Central Depository Services (India) Limited, Price: 1189.4, S: 1121, R: 1233.6
[DEBUG] NIFTY CAPITAL MARKETS match: Angel One Limited, Price: 239.5, S: 216.63, R: 241.67
[DEBUG] NIFTY CAPITAL MARKETS match: Computer Age Management Services Limited, Price: 667.1, S: 622.45, R: 658.15
[DEBUG] NIFTY CAPITAL MARKETS match: 360 ONE WAM LIMITED, Price: 969.55, S: 939.5, R: 1069.8
[DEBUG] NIFTY CAPITAL MARKETS match: HDFC Asset Management Company Limited, Price: 2307.9, S: 2211.2, R: 2468.9
[DEBUG] NIFTY CAPITAL MARKETS match: Kfin Technologies Limited, Price: 912.85, S: 869.95, R: 943.8
[DEBUG] NIFTY CAPITAL MARKETS match: Indian Energy Exchange Limited, Price: 119.25, S: 114.88, R: 123.06
[DEBUG] NIFTY CAPITAL MARKETS match: Nippon Life India Asset Management Limited, Price: 834, S: 800, R: 884.8
[DEBUG] NIFTY CAPITAL MARKETS match: Anand Rathi Wealth Limited, Price: 3105.8, S: 2912.4, R: 3070.7
[DEBUG] NIFTY CAPITAL MARKETS match: Motilal Oswal Financial Services Limited, Price: 676.35, S: 628.2, R: 698.3
[DEBUG] NIFTY CAPITAL MARKETS match: Aditya Birla Sun Life AMC Limited, Price: 896, S: 877.55, R: 969.45
[DEBUG] NIFTY CAPITAL MARKETS match: UTI Asset Management Company Limited, Price: 959, S: 906.65, R: 970.55
